{"general_info": {"target": "1bxn", "random_protein_number": 4, "iteration": 5001, "step": 1, "box_size": 3000}, "boundary_shpere": {"2i3v": {"pdb_id": "2i3v", "atom_number": 8367, "center": [[24.8585, 53.5255, 53.5255], 4], "radius": [72.1328, 4]}, "4wjk": {"pdb_id": "4wjk", "atom_number": 14326, "center": [[-17.958, -6.212, -6.212], 4], "radius": [98.9989, 4]}, "2h12": {"pdb_id": "2h12", "atom_number": 23521, "center": [[38.3515, -23.6085, -23.6085], 4], "radius": [80.9821, 4]}, "2z04": {"pdb_id": "2z04", "atom_number": 5205, "center": [[0.912, -2.371, -2.371], 4], "radius": [56.8776, 4]}, "1yg6": {"pdb_id": "1yg6", "atom_number": 21540, "center": [[47.4345, 51.1225, 51.1225], 4], "radius": [70.8212, 4]}, "1f1b": {"pdb_id": "1f1b", "atom_number": 8274, "center": [[49.2915, 49.977, 49.977], 4], "radius": [72.0684, 4]}, "1bxn": {"pdb_id": "1bxn", "atom_number": 18144, "center": [[5.9055, 107.7655, 107.7655], 4], "radius": [72.9518, 4]}, "2byu": {"pdb_id": "2byu", "atom_number": 9648, "center": [[0.0, 0.0, 0.0], 4], "radius": [55.1545, 4]}, "6t3e": {"pdb_id": "6t3e", "atom_number": 5086, "center": [[19.976, -0.128, -0.128], 4], "radius": [50.5839, 4]}, "3gl1": {"pdb_id": "3gl1", "atom_number": 6540, "center": [[22.17, 26.362, 26.362], 4], "radius": [82.7969, 4]}, "2ldb": {"pdb_id": "2ldb", "atom_number": 9650, "center": [[0.0, 0.0, 0.0], 4], "radius": [50.5858, 4]}, "3hhb": {"pdb_id": "3hhb", "atom_number": 4612, "center": [[0.0, -0.4985, -0.4985], 4], "radius": [35.35, 4]}, "2qes": {"pdb_id": "2qes", "atom_number": 2650, "center": [[13.879, 22.588, 22.588], 4], "radius": [38.1227, 4]}, "4d4r": {"pdb_id": "4d4r", "atom_number": 4537, "center": [[-16.0235, 23.4895, 23.4895], 4], "radius": [59.9767, 4]}}, "optimal_result": {"sum": 1.5085164189482443, "grad": -0.5420494768695789, "x": [1221.2637699313007, 1063.7139457776686, 1168.0025633642795, 1027.6940963468178, 1120.3924076887236], "y": [1971.1299761564915, 1981.46338665148, 2106.254789008033, 2082.4525198810074, 2034.9780123124378], "z": [1228.839168702192, 1411.0167395949736, 1243.2565895888574, 1468.469694066445, 1338.3617652134446], "initialization": [[2226.186803181512, 422.1667145807523, 1870.4529885537204, 146.0668375676304, 369.0212125242818], [1604.1368853271815, 860.8581516812145, 2833.9191300683497, 2715.318547359581, 1688.328628584889], [171.33290528484468, 2301.618122947701, 129.17236392621, 2801.91069934191, 1071.483437383404]], "pdb_id": ["1bxn", "1yg6", "1bxn", "2ldb", "3hhb"], "box_size": 3000, "initmap_rotate_angle": [[-2.5093623127078897, 1.2253513156664044, -1.8884025541202625], [2.3464347293903134, 0.6508167740038457, 0.179834387555953], [2.9666382965331586, 0.8146962814296962, -0.8064680394238258], [-2.306419180617729, 0.7945060747341767, -1.4613338441348631], [-2.4522976933921243, 0.8063259510941219, -2.0386449928464976]], "packmap_rotate_angle": [[2.784203887079938, 1.0577759188685947, -0.3499388125594531], [2.2441873200984737, 0.9302704869035052, 0.2201318980347536], [1.7579574756198608, 0.9438861627985788, 0.8229706429165913], [-2.8676751076169507, 2.439614983051002, 2.475532297145632], [-2.6011260583811566, 0.880131542808352, -1.8261662244818182]]}}