{"general_info": {"target": "1bxn", "random_protein_number": 4, "iteration": 5001, "step": 1, "box_size": 3000}, "boundary_shpere": {"2i3v": {"pdb_id": "2i3v", "atom_number": 8367, "center": [[24.8585, 53.5255, 53.5255], 4], "radius": [72.1328, 4]}, "4wjk": {"pdb_id": "4wjk", "atom_number": 14326, "center": [[-17.958, -6.212, -6.212], 4], "radius": [98.9989, 4]}, "2h12": {"pdb_id": "2h12", "atom_number": 23521, "center": [[38.3515, -23.6085, -23.6085], 4], "radius": [80.9821, 4]}, "2z04": {"pdb_id": "2z04", "atom_number": 5205, "center": [[0.912, -2.371, -2.371], 4], "radius": [56.8776, 4]}, "1yg6": {"pdb_id": "1yg6", "atom_number": 21540, "center": [[47.4345, 51.1225, 51.1225], 4], "radius": [70.8212, 4]}, "1f1b": {"pdb_id": "1f1b", "atom_number": 8274, "center": [[49.2915, 49.977, 49.977], 4], "radius": [72.0684, 4]}, "1bxn": {"pdb_id": "1bxn", "atom_number": 18144, "center": [[5.9055, 107.7655, 107.7655], 4], "radius": [72.9518, 4]}, "2byu": {"pdb_id": "2byu", "atom_number": 9648, "center": [[0.0, 0.0, 0.0], 4], "radius": [55.1545, 4]}, "6t3e": {"pdb_id": "6t3e", "atom_number": 5086, "center": [[19.976, -0.128, -0.128], 4], "radius": [50.5839, 4]}, "3gl1": {"pdb_id": "3gl1", "atom_number": 6540, "center": [[22.17, 26.362, 26.362], 4], "radius": [82.7969, 4]}, "2ldb": {"pdb_id": "2ldb", "atom_number": 9650, "center": [[0.0, 0.0, 0.0], 4], "radius": [50.5858, 4]}, "3hhb": {"pdb_id": "3hhb", "atom_number": 4612, "center": [[0.0, -0.4985, -0.4985], 4], "radius": [35.35, 4]}, "2qes": {"pdb_id": "2qes", "atom_number": 2650, "center": [[13.879, 22.588, 22.588], 4], "radius": [38.1227, 4]}, "4d4r": {"pdb_id": "4d4r", "atom_number": 4537, "center": [[-16.0235, 23.4895, 23.4895], 4], "radius": [59.9767, 4]}}, "optimal_result": {"sum": 155.322966460262, "grad": 107.19409196551078, "x": [1200.179876372128, 1046.665952792127, 1081.3429606566208, 1152.2324708096637, 1146.9038381490127], "y": [1676.4057753807465, 1651.8860806729347, 1725.3913809384428, 1507.1785061647365, 1612.1170906506138], "z": [1771.6719758103434, 1921.8579106468276, 1885.8735035363889, 1990.37922461736, 1892.060088705376], "initialization": [[1831.4943590540386, 68.82606470639064, 783.2636744109222, 1453.9262360615987, 727.3645460389395], [2031.4746633129478, 1918.9345644044267, 2719.1147790880123, 457.3384176256676, 1328.7777797328736], [747.1451961351694, 2062.204453001768, 1600.0281867231604, 2709.438049095305, 2819.820244972934]], "pdb_id": ["1bxn", "2qes", "2ldb", "1yg6", "1bxn"], "box_size": 3000, "initmap_rotate_angle": [[2.2506555676555675, 1.9306154407223073, 0.666665854513038], [2.242117533604431, 1.0066160655505523, 0.6078531502327692], [-2.1254430807864746, 1.0141831154736238, -2.012829151575402], [-2.4271688567475027, 0.9811103583312089, -1.982227494437161], [-2.445422769757625, 0.7602698155776786, -2.0423708220572987]], "packmap_rotate_angle": [[-2.947787149836494, 0.4147970483798716, -0.6587550417573895], [-2.266836209870108, 1.980849855246692, -2.6515780483780884], [-2.483892898201534, 1.2061053767353698, -2.201464694134537], [2.3830004785636265, 1.8920322254371684, 0.7696598802329898], [-2.4612786154811968, 1.4565654725612354, -2.0812933542936527]]}}