{"general_info": {"target": "1bxn", "random_protein_number": 4, "iteration": 5001, "step": 1, "box_size": 3000}, "boundary_shpere": {"2i3v": {"pdb_id": "2i3v", "atom_number": 8367, "center": [[24.8585, 53.5255, 53.5255], 4], "radius": [72.1328, 4]}, "4wjk": {"pdb_id": "4wjk", "atom_number": 14326, "center": [[-17.958, -6.212, -6.212], 4], "radius": [98.9989, 4]}, "2h12": {"pdb_id": "2h12", "atom_number": 23521, "center": [[38.3515, -23.6085, -23.6085], 4], "radius": [80.9821, 4]}, "2z04": {"pdb_id": "2z04", "atom_number": 5205, "center": [[0.912, -2.371, -2.371], 4], "radius": [56.8776, 4]}, "1yg6": {"pdb_id": "1yg6", "atom_number": 21540, "center": [[47.4345, 51.1225, 51.1225], 4], "radius": [70.8212, 4]}, "1f1b": {"pdb_id": "1f1b", "atom_number": 8274, "center": [[49.2915, 49.977, 49.977], 4], "radius": [72.0684, 4]}, "1bxn": {"pdb_id": "1bxn", "atom_number": 18144, "center": [[5.9055, 107.7655, 107.7655], 4], "radius": [72.9518, 4]}, "2byu": {"pdb_id": "2byu", "atom_number": 9648, "center": [[0.0, 0.0, 0.0], 4], "radius": [55.1545, 4]}, "6t3e": {"pdb_id": "6t3e", "atom_number": 5086, "center": [[19.976, -0.128, -0.128], 4], "radius": [50.5839, 4]}, "3gl1": {"pdb_id": "3gl1", "atom_number": 6540, "center": [[22.17, 26.362, 26.362], 4], "radius": [82.7969, 4]}, "2ldb": {"pdb_id": "2ldb", "atom_number": 9650, "center": [[0.0, 0.0, 0.0], 4], "radius": [50.5858, 4]}, "3hhb": {"pdb_id": "3hhb", "atom_number": 4612, "center": [[0.0, -0.4985, -0.4985], 4], "radius": [35.35, 4]}, "2qes": {"pdb_id": "2qes", "atom_number": 2650, "center": [[13.879, 22.588, 22.588], 4], "radius": [38.1227, 4]}, "4d4r": {"pdb_id": "4d4r", "atom_number": 4537, "center": [[-16.0235, 23.4895, 23.4895], 4], "radius": [59.9767, 4]}}, "optimal_result": {"sum": 332.59860587236193, "grad": -70.40277463353505, "x": [1032.4382871940109, 1212.1772728328917, 937.5950630859302, 1162.6301027503669, 1068.6094878074161], "y": [903.8650110864, 980.8334275788272, 772.8683844521674, 882.9164227566846, 810.6329245748195], "z": [1271.0465563488037, 1369.1225066019979, 1343.9321432358902, 1292.958517409402, 1351.7554653378406], "initialization": [[721.7048580121947, 1819.0306476796932, 20.38526591808354, 1892.409577248614, 1250.2949579128544], [1414.2074138836115, 1533.008219860514, 181.35233194645826, 1127.1058562000064, 147.3108523017733], [736.4541397498534, 1555.9238418373143, 1463.1293617991587, 1033.9698974031414, 1761.039641307169]], "pdb_id": ["1bxn", "1bxn", "2h12", "4d4r", "2byu"], "box_size": 3000, "initmap_rotate_angle": [[2.543325983562711, 2.016486029771669, 1.141912461131544], [2.8108197509584225, 2.333452903095944, 1.8408666580053126], [-1.9347141738534974, 2.0064827673450334, -2.3652706404954817], [2.0087113673017782, 1.4756127273411466, 0.8845804746046045], [-2.9118670785857974, 0.7083893459330592, -1.2033896964621456]], "packmap_rotate_angle": [[-1.78455112680761, 1.5910712154619775, -2.3345376219652954], [1.988545456141515, 1.8627298916162378, 1.1814476318724367], [2.247858436138174, 1.417611346265494, 0.8952133726775995], [2.048184484564492, 1.090310039771924, 0.8281935175530983], [-2.655072919356811, 0.7656786944861299, -1.2510382137269627]]}}