{"general_info": {"target": "1bxn", "random_protein_number": 4, "iteration": 5001, "step": 1, "box_size": 3000}, "boundary_shpere": {"2i3v": {"pdb_id": "2i3v", "atom_number": 8367, "center": [[24.8585, 53.5255, 53.5255], 4], "radius": [72.1328, 4]}, "4wjk": {"pdb_id": "4wjk", "atom_number": 14326, "center": [[-17.958, -6.212, -6.212], 4], "radius": [98.9989, 4]}, "2h12": {"pdb_id": "2h12", "atom_number": 23521, "center": [[38.3515, -23.6085, -23.6085], 4], "radius": [80.9821, 4]}, "2z04": {"pdb_id": "2z04", "atom_number": 5205, "center": [[0.912, -2.371, -2.371], 4], "radius": [56.8776, 4]}, "1yg6": {"pdb_id": "1yg6", "atom_number": 21540, "center": [[47.4345, 51.1225, 51.1225], 4], "radius": [70.8212, 4]}, "1f1b": {"pdb_id": "1f1b", "atom_number": 8274, "center": [[49.2915, 49.977, 49.977], 4], "radius": [72.0684, 4]}, "1bxn": {"pdb_id": "1bxn", "atom_number": 18144, "center": [[5.9055, 107.7655, 107.7655], 4], "radius": [72.9518, 4]}, "2byu": {"pdb_id": "2byu", "atom_number": 9648, "center": [[0.0, 0.0, 0.0], 4], "radius": [55.1545, 4]}, "6t3e": {"pdb_id": "6t3e", "atom_number": 5086, "center": [[19.976, -0.128, -0.128], 4], "radius": [50.5839, 4]}, "3gl1": {"pdb_id": "3gl1", "atom_number": 6540, "center": [[22.17, 26.362, 26.362], 4], "radius": [82.7969, 4]}, "2ldb": {"pdb_id": "2ldb", "atom_number": 9650, "center": [[0.0, 0.0, 0.0], 4], "radius": [50.5858, 4]}, "3hhb": {"pdb_id": "3hhb", "atom_number": 4612, "center": [[0.0, -0.4985, -0.4985], 4], "radius": [35.35, 4]}, "2qes": {"pdb_id": "2qes", "atom_number": 2650, "center": [[13.879, 22.588, 22.588], 4], "radius": [38.1227, 4]}, "4d4r": {"pdb_id": "4d4r", "atom_number": 4537, "center": [[-16.0235, 23.4895, 23.4895], 4], "radius": [59.9767, 4]}}, "optimal_result": {"sum": 504.6801205994226, "grad": 383.42678305349546, "x": [1774.3956861116358, 1846.2341854114043, 1788.6577001018527, 1767.2017372374555, 1889.9790229789612], "y": [1499.0049539474107, 1405.68378175074, 1387.5952747439987, 1278.8850327711693, 1315.8482286569292], "z": [1082.954219001486, 1074.9272925650002, 1146.16793419585, 1252.520256777193, 1167.6026839330282], "initialization": [[1544.476214650243, 2471.9784300175907, 1707.3628370695276, 1218.1774829259984, 2615.266698149246], [2881.5227556913187, 1882.0685937912676, 620.667696194908, 99.17847562655213, 713.0005066009719], [245.89913578462497, 21.643167646044347, 1287.1710752647857, 2559.1385868198795, 1538.5143069859043]], "pdb_id": ["1bxn", "2qes", "2byu", "3gl1", "1yg6"], "box_size": 3000, "initmap_rotate_angle": [[-2.412360811460733, 1.0675603714831383, -1.9448497232357114], [2.5713962882820276, 0.9414353191066993, 0.09767477971442591], [2.168359151272799, 1.362829606598377, 0.9963481238813918], [-1.9952462665859307, 0.68688209775925, -2.126477805707743], [2.474299286504344, 1.7831605010164409, 0.7712707321743825]], "packmap_rotate_angle": [[2.0610265179878207, 0.4279545329923186, 0.5370760413194718], [2.4024669380489523, 1.5332743718690152, 0.8460833483874599], [-2.2927599859807906, 0.9728212513886626, -1.8755732655511692], [-2.1565349399344256, 1.4952237786552196, -1.9677716536521437], [-2.2902171204435646, 1.6115470110088668, -1.949411496540775]]}}