{"general_info": {"target": "1bxn", "random_protein_number": 4, "iteration": 5001, "step": 1, "box_size": 3000}, "boundary_shpere": {"2i3v": {"pdb_id": "2i3v", "atom_number": 8367, "center": [[24.8585, 53.5255, 53.5255], 4], "radius": [72.1328, 4]}, "4wjk": {"pdb_id": "4wjk", "atom_number": 14326, "center": [[-17.958, -6.212, -6.212], 4], "radius": [98.9989, 4]}, "2h12": {"pdb_id": "2h12", "atom_number": 23521, "center": [[38.3515, -23.6085, -23.6085], 4], "radius": [80.9821, 4]}, "2z04": {"pdb_id": "2z04", "atom_number": 5205, "center": [[0.912, -2.371, -2.371], 4], "radius": [56.8776, 4]}, "1yg6": {"pdb_id": "1yg6", "atom_number": 21540, "center": [[47.4345, 51.1225, 51.1225], 4], "radius": [70.8212, 4]}, "1f1b": {"pdb_id": "1f1b", "atom_number": 8274, "center": [[49.2915, 49.977, 49.977], 4], "radius": [72.0684, 4]}, "1bxn": {"pdb_id": "1bxn", "atom_number": 18144, "center": [[5.9055, 107.7655, 107.7655], 4], "radius": [72.9518, 4]}, "2byu": {"pdb_id": "2byu", "atom_number": 9648, "center": [[0.0, 0.0, 0.0], 4], "radius": [55.1545, 4]}, "6t3e": {"pdb_id": "6t3e", "atom_number": 5086, "center": [[19.976, -0.128, -0.128], 4], "radius": [50.5839, 4]}, "3gl1": {"pdb_id": "3gl1", "atom_number": 6540, "center": [[22.17, 26.362, 26.362], 4], "radius": [82.7969, 4]}, "2ldb": {"pdb_id": "2ldb", "atom_number": 9650, "center": [[0.0, 0.0, 0.0], 4], "radius": [50.5858, 4]}, "3hhb": {"pdb_id": "3hhb", "atom_number": 4612, "center": [[0.0, -0.4985, -0.4985], 4], "radius": [35.35, 4]}, "2qes": {"pdb_id": "2qes", "atom_number": 2650, "center": [[13.879, 22.588, 22.588], 4], "radius": [38.1227, 4]}, "4d4r": {"pdb_id": "4d4r", "atom_number": 4537, "center": [[-16.0235, 23.4895, 23.4895], 4], "radius": [59.9767, 4]}}, "optimal_result": {"sum": 267.9995703799164, "grad": 190.75689423536824, "x": [1659.345314471001, 1519.970944818818, 1576.3529290135152, 1444.1859543630642, 1597.653009225442], "y": [2013.7005466742112, 1888.386984280713, 2017.0694925113626, 1768.8243626444525, 1965.9416111602327], "z": [1461.998024276022, 1528.9497625493516, 1637.8289555116494, 1470.5765204605518, 1541.674270942254], "initialization": [[2551.5426793971583, 983.5273267644832, 1833.8683428182483, 496.10629643369606, 2527.3487569015433], [2620.347431280661, 2230.8844492191056, 2913.4259626940843, 405.85951970403033, 2634.386451860509], [823.4018304618677, 958.8003700389145, 2759.4141498807858, 1021.0033331620508, 1860.5559411498384]], "pdb_id": ["1bxn", "2i3v", "1f1b", "2h12", "2qes"], "box_size": 3000, "initmap_rotate_angle": [[-2.1333892850753533, 1.2207651649819111, -2.175033686651526], [2.904281982573322, 0.5806033052167202, -0.14999532566425539], [2.889673653356097, 0.815344301691947, -0.9220339668454199], [2.4379643237166446, 0.9100331051536149, 0.1523702386944784], [3.0877837074512344, 0.7112356443736236, -0.4367431789482813]], "packmap_rotate_angle": [[2.27230710708529, 1.3359189443034276, 0.39587447401769194], [-1.2965542900429754, 1.6702957929135211, 0.8277044745098968], [-3.078242282416091, 0.6309434071498721, -0.6787421458770286], [-3.0385631321942386, 0.5487816319488868, -1.052336749741336], [3.049267702603745, 0.7844806025928861, -0.7960466440009298]]}}