{"general_info": {"target": "1f1b", "random_protein_number": 4, "iteration": 5001, "step": 1, "box_size": 3000}, "boundary_shpere": {"2i3v": {"pdb_id": "2i3v", "atom_number": 8367, "center": [[24.8585, 53.5255, 53.5255], 4], "radius": [72.1328, 4]}, "4wjk": {"pdb_id": "4wjk", "atom_number": 14326, "center": [[-17.958, -6.212, -6.212], 4], "radius": [98.9989, 4]}, "2h12": {"pdb_id": "2h12", "atom_number": 23521, "center": [[38.3515, -23.6085, -23.6085], 4], "radius": [80.9821, 4]}, "2z04": {"pdb_id": "2z04", "atom_number": 5205, "center": [[0.912, -2.371, -2.371], 4], "radius": [56.8776, 4]}, "1yg6": {"pdb_id": "1yg6", "atom_number": 21540, "center": [[47.4345, 51.1225, 51.1225], 4], "radius": [70.8212, 4]}, "1f1b": {"pdb_id": "1f1b", "atom_number": 8274, "center": [[49.2915, 49.977, 49.977], 4], "radius": [72.0684, 4]}, "1bxn": {"pdb_id": "1bxn", "atom_number": 18144, "center": [[5.9055, 107.7655, 107.7655], 4], "radius": [72.9518, 4]}, "2byu": {"pdb_id": "2byu", "atom_number": 9648, "center": [[0.0, 0.0, 0.0], 4], "radius": [55.1545, 4]}, "6t3e": {"pdb_id": "6t3e", "atom_number": 5086, "center": [[19.976, -0.128, -0.128], 4], "radius": [50.5839, 4]}, "3gl1": {"pdb_id": "3gl1", "atom_number": 6540, "center": [[22.17, 26.362, 26.362], 4], "radius": [82.7969, 4]}, "2ldb": {"pdb_id": "2ldb", "atom_number": 9650, "center": [[0.0, 0.0, 0.0], 4], "radius": [50.5858, 4]}, "3hhb": {"pdb_id": "3hhb", "atom_number": 4612, "center": [[0.0, -0.4985, -0.4985], 4], "radius": [35.35, 4]}, "2qes": {"pdb_id": "2qes", "atom_number": 2650, "center": [[13.879, 22.588, 22.588], 4], "radius": [38.1227, 4]}, "4d4r": {"pdb_id": "4d4r", "atom_number": 4537, "center": [[-16.0235, 23.4895, 23.4895], 4], "radius": [59.9767, 4]}}, "optimal_result": {"sum": 341.29284614700987, "grad": 105.36319907680809, "x": [1747.9231673387303, 1719.7163582299013, 1721.967121055482, 1894.356556586292, 1797.3316005718032], "y": [1518.8264984521281, 1420.9464378065225, 1696.372457321952, 1565.7014551879595, 1613.3283367297568], "z": [1131.3625470539173, 1210.8268965477225, 1019.5324476069311, 1126.047358448698, 1070.6198006508566], "initialization": [[1584.9108990940342, 1250.610909086949, 1454.3475822581563, 2840.3115006334183, 2113.10019224486], [507.5292620064087, 281.83804477125796, 2764.906738226357, 1868.292173527704, 2528.207671807614], [647.2952321599213, 2079.2277997812457, 394.3976604144049, 1333.8140948240261, 757.8057536445842]], "pdb_id": ["1f1b", "2z04", "1f1b", "1yg6", "2ldb"], "box_size": 3000, "initmap_rotate_angle": [[2.778002922676745, 0.23526759960996127, -0.3757211092458566], [-1.8448640902452869, 0.626597911081554, -2.616181025732558], [1.833133739578187, 1.570631788598966, 0.6627278278185745], [2.0460393118305618, 0.688240010351648, 0.26508365708162923], [2.2896103536429573, 1.036292463564523, 0.3939902741716703]], "packmap_rotate_angle": [[2.1493194722392537, 1.8859269748878364, 0.9442456806669828], [2.7039738617124844, 0.8450234929074837, -0.28964967265598646], [-2.1395767286244123, 0.39096311851298465, -1.8835693531530462], [2.363404798460602, 1.270372667554761, 0.7282220978880146], [2.9458339670340066, 2.5180975150805405, 2.111889287151694]]}}