{"general_info": {"target": "1f1b", "random_protein_number": 4, "iteration": 5001, "step": 1, "box_size": 3000}, "boundary_shpere": {"2i3v": {"pdb_id": "2i3v", "atom_number": 8367, "center": [[24.8585, 53.5255, 53.5255], 4], "radius": [72.1328, 4]}, "4wjk": {"pdb_id": "4wjk", "atom_number": 14326, "center": [[-17.958, -6.212, -6.212], 4], "radius": [98.9989, 4]}, "2h12": {"pdb_id": "2h12", "atom_number": 23521, "center": [[38.3515, -23.6085, -23.6085], 4], "radius": [80.9821, 4]}, "2z04": {"pdb_id": "2z04", "atom_number": 5205, "center": [[0.912, -2.371, -2.371], 4], "radius": [56.8776, 4]}, "1yg6": {"pdb_id": "1yg6", "atom_number": 21540, "center": [[47.4345, 51.1225, 51.1225], 4], "radius": [70.8212, 4]}, "1f1b": {"pdb_id": "1f1b", "atom_number": 8274, "center": [[49.2915, 49.977, 49.977], 4], "radius": [72.0684, 4]}, "1bxn": {"pdb_id": "1bxn", "atom_number": 18144, "center": [[5.9055, 107.7655, 107.7655], 4], "radius": [72.9518, 4]}, "2byu": {"pdb_id": "2byu", "atom_number": 9648, "center": [[0.0, 0.0, 0.0], 4], "radius": [55.1545, 4]}, "6t3e": {"pdb_id": "6t3e", "atom_number": 5086, "center": [[19.976, -0.128, -0.128], 4], "radius": [50.5839, 4]}, "3gl1": {"pdb_id": "3gl1", "atom_number": 6540, "center": [[22.17, 26.362, 26.362], 4], "radius": [82.7969, 4]}, "2ldb": {"pdb_id": "2ldb", "atom_number": 9650, "center": [[0.0, 0.0, 0.0], 4], "radius": [50.5858, 4]}, "3hhb": {"pdb_id": "3hhb", "atom_number": 4612, "center": [[0.0, -0.4985, -0.4985], 4], "radius": [35.35, 4]}, "2qes": {"pdb_id": "2qes", "atom_number": 2650, "center": [[13.879, 22.588, 22.588], 4], "radius": [38.1227, 4]}, "4d4r": {"pdb_id": "4d4r", "atom_number": 4537, "center": [[-16.0235, 23.4895, 23.4895], 4], "radius": [59.9767, 4]}}, "optimal_result": {"sum": 432.3342271137437, "grad": -24.76315334854553, "x": [1257.6040719137684, 1378.579430606134, 1468.1773716110106, 1417.4788382973531, 1374.26913976993], "y": [1701.4896170661564, 1788.5834735116878, 1627.4104861244616, 1722.8428485735415, 1782.1064689712916], "z": [1794.6591676434082, 1654.5420592178932, 1806.5256150901516, 1712.5853543381804, 1822.428211147884], "initialization": [[136.47696869398064, 1343.9642698110297, 2433.681613628553, 616.3284886624002, 1560.1201316748131], [1565.6033884229396, 2803.9338592004387, 487.85598966335317, 1097.1040606476602, 2505.252728359253], [2351.0780542365865, 171.29509751352, 2611.6873544455943, 1339.1656828969064, 2607.5429974641825]], "pdb_id": ["1f1b", "3hhb", "3gl1", "4d4r", "1f1b"], "box_size": 3000, "initmap_rotate_angle": [[2.62879073284342, 0.717025933641491, -0.3188485929287612], [-2.373236327277645, 0.9642406513816095, -1.8127570130147925], [2.1148611886289808, 1.6078743610400725, 0.792874466194804], [-1.9365705493917784, 1.2513411101357157, -2.068436499584106], [1.9812617732603794, 0.6314209144366772, 0.2274805670458933]], "packmap_rotate_angle": [[2.705125693877427, 0.6541626173536107, 0.13512675586841708], [2.3426080766031045, 0.9866508111201377, 0.017298828293345402], [-2.602272463762458, 1.0903543658495356, -1.5844321426620305], [-2.2495038575840747, 0.877509950812589, -2.3573585381571265], [2.2657411092149706, 1.4378587081925058, 0.39304408480527286]]}}