{"general_info": {"target": "1f1b", "random_protein_number": 4, "iteration": 5001, "step": 1, "box_size": 3000}, "boundary_shpere": {"2i3v": {"pdb_id": "2i3v", "atom_number": 8367, "center": [[24.8585, 53.5255, 53.5255], 4], "radius": [72.1328, 4]}, "4wjk": {"pdb_id": "4wjk", "atom_number": 14326, "center": [[-17.958, -6.212, -6.212], 4], "radius": [98.9989, 4]}, "2h12": {"pdb_id": "2h12", "atom_number": 23521, "center": [[38.3515, -23.6085, -23.6085], 4], "radius": [80.9821, 4]}, "2z04": {"pdb_id": "2z04", "atom_number": 5205, "center": [[0.912, -2.371, -2.371], 4], "radius": [56.8776, 4]}, "1yg6": {"pdb_id": "1yg6", "atom_number": 21540, "center": [[47.4345, 51.1225, 51.1225], 4], "radius": [70.8212, 4]}, "1f1b": {"pdb_id": "1f1b", "atom_number": 8274, "center": [[49.2915, 49.977, 49.977], 4], "radius": [72.0684, 4]}, "1bxn": {"pdb_id": "1bxn", "atom_number": 18144, "center": [[5.9055, 107.7655, 107.7655], 4], "radius": [72.9518, 4]}, "2byu": {"pdb_id": "2byu", "atom_number": 9648, "center": [[0.0, 0.0, 0.0], 4], "radius": [55.1545, 4]}, "6t3e": {"pdb_id": "6t3e", "atom_number": 5086, "center": [[19.976, -0.128, -0.128], 4], "radius": [50.5839, 4]}, "3gl1": {"pdb_id": "3gl1", "atom_number": 6540, "center": [[22.17, 26.362, 26.362], 4], "radius": [82.7969, 4]}, "2ldb": {"pdb_id": "2ldb", "atom_number": 9650, "center": [[0.0, 0.0, 0.0], 4], "radius": [50.5858, 4]}, "3hhb": {"pdb_id": "3hhb", "atom_number": 4612, "center": [[0.0, -0.4985, -0.4985], 4], "radius": [35.35, 4]}, "2qes": {"pdb_id": "2qes", "atom_number": 2650, "center": [[13.879, 22.588, 22.588], 4], "radius": [38.1227, 4]}, "4d4r": {"pdb_id": "4d4r", "atom_number": 4537, "center": [[-16.0235, 23.4895, 23.4895], 4], "radius": [59.9767, 4]}}, "optimal_result": {"sum": 367.73564607193185, "grad": -314.9437164898509, "x": [1120.0018864383255, 930.8112537005877, 1040.2383895159307, 1075.9039003920295, 963.0029283892557], "y": [1274.2282992564428, 1212.9861306565963, 1356.5078040919602, 1456.5353222260424, 1290.0530111195317], "z": [1443.8381650217702, 1399.582020789269, 1377.1694216466587, 1332.6506019277817, 1420.3522271646523], "initialization": [[2174.090163604592, 185.30205833196078, 59.08083039180967, 1642.4166770833383, 49.96421743119084], [687.0060694263577, 138.34207650846554, 1933.8794665441872, 2742.279540762961, 677.7423646909243], [1937.3590652713797, 1392.875529534477, 1581.1071776846156, 715.4218650317649, 1741.931343980617]], "pdb_id": ["1f1b", "3hhb", "4d4r", "2byu", "2ldb"], "box_size": 3000, "initmap_rotate_angle": [[2.488580915064092, 2.144800372212621, 1.9913889761189252], [1.8910513693398723, 1.690439938755996, 0.9537621877668039], [-2.4065945100384973, 0.7966748441469395, -2.018091426168024], [-3.0841541391997325, 0.6244883860713567, -0.803187951396497], [-2.842588285372759, 0.3834638944068167, -1.341412553578349]], "packmap_rotate_angle": [[-2.712292593336775, 0.8728864232297046, -1.3070279357641221], [-2.834975990288707, 0.606016889223568, -1.063407598519213], [-2.4456452780390805, 1.3309884441200337, -1.8334170829884486], [2.3844492248454023, 1.5820411447139144, 0.8242418501579312], [-2.0971138621183094, 1.0501300327951852, -2.0205684650763174]]}}