{"general_info": {"target": "1f1b", "random_protein_number": 4, "iteration": 5001, "step": 1, "box_size": 3000}, "boundary_shpere": {"2i3v": {"pdb_id": "2i3v", "atom_number": 8367, "center": [[24.8585, 53.5255, 53.5255], 4], "radius": [72.1328, 4]}, "4wjk": {"pdb_id": "4wjk", "atom_number": 14326, "center": [[-17.958, -6.212, -6.212], 4], "radius": [98.9989, 4]}, "2h12": {"pdb_id": "2h12", "atom_number": 23521, "center": [[38.3515, -23.6085, -23.6085], 4], "radius": [80.9821, 4]}, "2z04": {"pdb_id": "2z04", "atom_number": 5205, "center": [[0.912, -2.371, -2.371], 4], "radius": [56.8776, 4]}, "1yg6": {"pdb_id": "1yg6", "atom_number": 21540, "center": [[47.4345, 51.1225, 51.1225], 4], "radius": [70.8212, 4]}, "1f1b": {"pdb_id": "1f1b", "atom_number": 8274, "center": [[49.2915, 49.977, 49.977], 4], "radius": [72.0684, 4]}, "1bxn": {"pdb_id": "1bxn", "atom_number": 18144, "center": [[5.9055, 107.7655, 107.7655], 4], "radius": [72.9518, 4]}, "2byu": {"pdb_id": "2byu", "atom_number": 9648, "center": [[0.0, 0.0, 0.0], 4], "radius": [55.1545, 4]}, "6t3e": {"pdb_id": "6t3e", "atom_number": 5086, "center": [[19.976, -0.128, -0.128], 4], "radius": [50.5839, 4]}, "3gl1": {"pdb_id": "3gl1", "atom_number": 6540, "center": [[22.17, 26.362, 26.362], 4], "radius": [82.7969, 4]}, "2ldb": {"pdb_id": "2ldb", "atom_number": 9650, "center": [[0.0, 0.0, 0.0], 4], "radius": [50.5858, 4]}, "3hhb": {"pdb_id": "3hhb", "atom_number": 4612, "center": [[0.0, -0.4985, -0.4985], 4], "radius": [35.35, 4]}, "2qes": {"pdb_id": "2qes", "atom_number": 2650, "center": [[13.879, 22.588, 22.588], 4], "radius": [38.1227, 4]}, "4d4r": {"pdb_id": "4d4r", "atom_number": 4537, "center": [[-16.0235, 23.4895, 23.4895], 4], "radius": [59.9767, 4]}}, "optimal_result": {"sum": 245.5889803476143, "grad": -201.5502785105873, "x": [1246.4674788151437, 1232.3750420263261, 1166.7040042452077, 1220.1110225238708, 1166.0268172749902], "y": [1538.2882685500138, 1437.540836797688, 1635.9238735029357, 1358.1826591350887, 1514.3826784567661], "z": [993.7460957675, 910.2973232786392, 877.9626071559462, 941.4743773931895, 903.4628308906215], "initialization": [[1767.4616460093764, 1612.4257518067316, 856.433695758161, 1334.2629500215007, 318.4199178391656], [2242.8517030512553, 488.25111020931735, 2703.402686457428, 82.94358526602153, 1946.7535391873303], [1895.7347043961015, 535.6387587445241, 506.3216223935205, 1074.1106677613489, 371.187004189923]], "pdb_id": ["1f1b", "2ldb", "1bxn", "3hhb", "6t3e"], "box_size": 3000, "initmap_rotate_angle": [[-2.5215693927502607, 0.9685796064905707, -1.5860350853946945], [2.947414281942827, 0.3495854502563497, -0.22154507920583794], [-2.0149632009128906, 0.9928389231744261, -2.400620214588214], [2.294023672619415, 0.6618093064232384, 0.29327019738072835], [-2.5212515435852585, 1.4155971425549172, -1.7144972415779902]], "packmap_rotate_angle": [[2.228400522286144, 0.9414164007567934, 0.2458792962701663], [-2.4045413316841544, 0.2539230359803575, -1.5262870108977455], [2.7937391153082336, 0.8179934628584279, -0.5645255218259811], [-2.4141022818002065, 1.1876200605649185, -1.7307877062148065], [-2.2913852458801625, 1.1702858417375162, -1.8649924866733785]]}}