{"general_info": {"target": "1f1b", "random_protein_number": 4, "iteration": 5001, "step": 1, "box_size": 3000}, "boundary_shpere": {"2i3v": {"pdb_id": "2i3v", "atom_number": 8367, "center": [[24.8585, 53.5255, 53.5255], 4], "radius": [72.1328, 4]}, "4wjk": {"pdb_id": "4wjk", "atom_number": 14326, "center": [[-17.958, -6.212, -6.212], 4], "radius": [98.9989, 4]}, "2h12": {"pdb_id": "2h12", "atom_number": 23521, "center": [[38.3515, -23.6085, -23.6085], 4], "radius": [80.9821, 4]}, "2z04": {"pdb_id": "2z04", "atom_number": 5205, "center": [[0.912, -2.371, -2.371], 4], "radius": [56.8776, 4]}, "1yg6": {"pdb_id": "1yg6", "atom_number": 21540, "center": [[47.4345, 51.1225, 51.1225], 4], "radius": [70.8212, 4]}, "1f1b": {"pdb_id": "1f1b", "atom_number": 8274, "center": [[49.2915, 49.977, 49.977], 4], "radius": [72.0684, 4]}, "1bxn": {"pdb_id": "1bxn", "atom_number": 18144, "center": [[5.9055, 107.7655, 107.7655], 4], "radius": [72.9518, 4]}, "2byu": {"pdb_id": "2byu", "atom_number": 9648, "center": [[0.0, 0.0, 0.0], 4], "radius": [55.1545, 4]}, "6t3e": {"pdb_id": "6t3e", "atom_number": 5086, "center": [[19.976, -0.128, -0.128], 4], "radius": [50.5839, 4]}, "3gl1": {"pdb_id": "3gl1", "atom_number": 6540, "center": [[22.17, 26.362, 26.362], 4], "radius": [82.7969, 4]}, "2ldb": {"pdb_id": "2ldb", "atom_number": 9650, "center": [[0.0, 0.0, 0.0], 4], "radius": [50.5858, 4]}, "3hhb": {"pdb_id": "3hhb", "atom_number": 4612, "center": [[0.0, -0.4985, -0.4985], 4], "radius": [35.35, 4]}, "2qes": {"pdb_id": "2qes", "atom_number": 2650, "center": [[13.879, 22.588, 22.588], 4], "radius": [38.1227, 4]}, "4d4r": {"pdb_id": "4d4r", "atom_number": 4537, "center": [[-16.0235, 23.4895, 23.4895], 4], "radius": [59.9767, 4]}}, "optimal_result": {"sum": 231.43919867364045, "grad": -104.63044445000378, "x": [1187.213034874373, 1090.1457496391429, 951.5959564762661, 1019.9667192590961, 1036.0727539497188], "y": [817.3359852433284, 860.8510706866057, 887.7976109924346, 946.361648288081, 907.6613051068342], "z": [1625.4939485485322, 1704.3654888234305, 1777.7281130606457, 1541.7566658427486, 1620.0410027911057], "initialization": [[2153.001719597489, 1514.9489585421388, 139.90694607151553, 583.5960238404401, 1565.3833950633448], [209.56875949826104, 300.73389102067506, 821.3082266724267, 1578.4941004111786, 1404.8079693590462], [1371.7053010268276, 2497.1184087561437, 2711.8368872753376, 309.639124162857, 2308.1010614326556]], "pdb_id": ["1f1b", "4d4r", "4wjk", "2qes", "6t3e"], "box_size": 3000, "initmap_rotate_angle": [[-2.6994958267685716, 0.4078909387572235, -1.3965995411193366], [-3.1330827322204917, 0.7542380238787303, -0.7575810367550405], [-2.4068234869129417, 2.4434544897207906, 2.9510156421712725], [2.0289964997075227, 1.4439306145741613, 0.9431122184502645], [2.4354848806430893, 0.8472822374492872, 0.29924066718937]], "packmap_rotate_angle": [[2.1820933864069514, 1.8150755931161797, 0.9549501322243128], [-1.6677191831623666, 0.94196358940991, -1.667329543200504], [-2.4844989463872187, 1.478862528045243, -1.7903447149243668], [2.948074627143337, 0.9744488139382718, -0.3088929447146861], [-3.120048975633743, 0.638999553966317, -1.0660740749136413]]}}