{"general_info": {"target": "1yg6", "random_protein_number": 4, "iteration": 5001, "step": 1, "box_size": 3000}, "boundary_shpere": {"2i3v": {"pdb_id": "2i3v", "atom_number": 8367, "center": [[24.8585, 53.5255, 53.5255], 4], "radius": [72.1328, 4]}, "4wjk": {"pdb_id": "4wjk", "atom_number": 14326, "center": [[-17.958, -6.212, -6.212], 4], "radius": [98.9989, 4]}, "2h12": {"pdb_id": "2h12", "atom_number": 23521, "center": [[38.3515, -23.6085, -23.6085], 4], "radius": [80.9821, 4]}, "2z04": {"pdb_id": "2z04", "atom_number": 5205, "center": [[0.912, -2.371, -2.371], 4], "radius": [56.8776, 4]}, "1yg6": {"pdb_id": "1yg6", "atom_number": 21540, "center": [[47.4345, 51.1225, 51.1225], 4], "radius": [70.8212, 4]}, "1f1b": {"pdb_id": "1f1b", "atom_number": 8274, "center": [[49.2915, 49.977, 49.977], 4], "radius": [72.0684, 4]}, "1bxn": {"pdb_id": "1bxn", "atom_number": 18144, "center": [[5.9055, 107.7655, 107.7655], 4], "radius": [72.9518, 4]}, "2byu": {"pdb_id": "2byu", "atom_number": 9648, "center": [[0.0, 0.0, 0.0], 4], "radius": [55.1545, 4]}, "6t3e": {"pdb_id": "6t3e", "atom_number": 5086, "center": [[19.976, -0.128, -0.128], 4], "radius": [50.5839, 4]}, "3gl1": {"pdb_id": "3gl1", "atom_number": 6540, "center": [[22.17, 26.362, 26.362], 4], "radius": [82.7969, 4]}, "2ldb": {"pdb_id": "2ldb", "atom_number": 9650, "center": [[0.0, 0.0, 0.0], 4], "radius": [50.5858, 4]}, "3hhb": {"pdb_id": "3hhb", "atom_number": 4612, "center": [[0.0, -0.4985, -0.4985], 4], "radius": [35.35, 4]}, "2qes": {"pdb_id": "2qes", "atom_number": 2650, "center": [[13.879, 22.588, 22.588], 4], "radius": [38.1227, 4]}, "4d4r": {"pdb_id": "4d4r", "atom_number": 4537, "center": [[-16.0235, 23.4895, 23.4895], 4], "radius": [59.9767, 4]}}, "optimal_result": {"sum": 528.6912634743716, "grad": 12.405272207879534, "x": [867.0156005766144, 945.3860435256507, 821.2250393489223, 879.7979889325662, 881.4574861479082], "y": [1287.6000006407708, 1346.7388399010997, 1502.237873730908, 1385.2072171298178, 1440.4480844558643], "z": [1869.8245943985828, 1729.4814848034753, 1770.3534747117608, 1787.1995889468594, 1671.487206601646], "initialization": [[799.7538989183533, 1938.8472470948238, 55.017665287233285, 1269.0941359620442, 789.4902758612984], [254.69531784651934, 469.9652258796343, 2926.8808700063205, 814.8159473977215, 1989.1185918746983], [2771.0218553445216, 1238.0493795807638, 1843.8462468246103, 1610.2247769539047, 898.8796467507126]], "pdb_id": ["1yg6", "2qes", "4d4r", "2z04", "1yg6"], "box_size": 3000, "initmap_rotate_angle": [[2.1564452055130268, 0.7977513769093233, 0.3354884132057097], [-2.340924982659521, 0.9433868988105085, -2.1985145575099754], [-2.751703523814726, 2.4736964361058904, 2.865999529501736], [-2.4453024537377184, 0.943343757699969, -1.6631797606841658], [2.694796069999212, 2.0372399747011003, 1.0184892880413399]], "packmap_rotate_angle": [[2.256406892021074, 0.9892917851675301, 0.23745925500696802], [2.5981355826433132, 0.4435052898629843, -0.31299743240312355], [-2.1667961202926875, 1.2280823456440755, -1.6789174789603731], [2.718865705823637, 0.7775953485515904, -0.17529709326974313], [-2.681116300352928, 1.4902327799476027, -1.9682547371318089]]}}