{"general_info": {"target": "1yg6", "random_protein_number": 4, "iteration": 5001, "step": 1, "box_size": 3000}, "boundary_shpere": {"2i3v": {"pdb_id": "2i3v", "atom_number": 8367, "center": [[24.8585, 53.5255, 53.5255], 4], "radius": [72.1328, 4]}, "4wjk": {"pdb_id": "4wjk", "atom_number": 14326, "center": [[-17.958, -6.212, -6.212], 4], "radius": [98.9989, 4]}, "2h12": {"pdb_id": "2h12", "atom_number": 23521, "center": [[38.3515, -23.6085, -23.6085], 4], "radius": [80.9821, 4]}, "2z04": {"pdb_id": "2z04", "atom_number": 5205, "center": [[0.912, -2.371, -2.371], 4], "radius": [56.8776, 4]}, "1yg6": {"pdb_id": "1yg6", "atom_number": 21540, "center": [[47.4345, 51.1225, 51.1225], 4], "radius": [70.8212, 4]}, "1f1b": {"pdb_id": "1f1b", "atom_number": 8274, "center": [[49.2915, 49.977, 49.977], 4], "radius": [72.0684, 4]}, "1bxn": {"pdb_id": "1bxn", "atom_number": 18144, "center": [[5.9055, 107.7655, 107.7655], 4], "radius": [72.9518, 4]}, "2byu": {"pdb_id": "2byu", "atom_number": 9648, "center": [[0.0, 0.0, 0.0], 4], "radius": [55.1545, 4]}, "6t3e": {"pdb_id": "6t3e", "atom_number": 5086, "center": [[19.976, -0.128, -0.128], 4], "radius": [50.5839, 4]}, "3gl1": {"pdb_id": "3gl1", "atom_number": 6540, "center": [[22.17, 26.362, 26.362], 4], "radius": [82.7969, 4]}, "2ldb": {"pdb_id": "2ldb", "atom_number": 9650, "center": [[0.0, 0.0, 0.0], 4], "radius": [50.5858, 4]}, "3hhb": {"pdb_id": "3hhb", "atom_number": 4612, "center": [[0.0, -0.4985, -0.4985], 4], "radius": [35.35, 4]}, "2qes": {"pdb_id": "2qes", "atom_number": 2650, "center": [[13.879, 22.588, 22.588], 4], "radius": [38.1227, 4]}, "4d4r": {"pdb_id": "4d4r", "atom_number": 4537, "center": [[-16.0235, 23.4895, 23.4895], 4], "radius": [59.9767, 4]}}, "optimal_result": {"sum": 112.94720187751848, "grad": -87.80323264452454, "x": [1632.252863388411, 1804.3108990101541, 1818.1324322645903, 1781.789737724938, 1737.1706749358918], "y": [1447.8786320421905, 1428.5921142022246, 1574.4856125587944, 1516.7203094786444, 1509.3630527137855], "z": [1772.7928656175063, 1823.6849064711118, 1829.0152596735784, 1638.4724222900168, 1762.6462513350425], "initialization": [[6.196535534399583, 2494.248110450123, 2875.4193769434523, 2223.3287955450082, 1384.3187410824708], [659.2676004606863, 265.288334823121, 2538.551052432748, 1554.0830599741753, 2975.2639882634458], [1903.6669450458726, 2655.5657124455925, 2785.04369830865, 41.302985987327844, 1267.5527639240609]], "pdb_id": ["1yg6", "1yg6", "1f1b", "2h12", "6t3e"], "box_size": 3000, "initmap_rotate_angle": [[1.9563947766303273, 1.5402704260328512, 0.6612786940697518], [2.678428103830299, 1.0014184521862013, 0.2320261965889916], [2.678485134922733, 0.8811406023449556, -0.006232242737137471], [-2.294145156584497, 1.9597964677346678, -2.358168288144958], [2.474095190213995, 1.6903463755236459, 1.149894315757693]], "packmap_rotate_angle": [[-2.2900374292888133, 0.2556780040735025, -1.4536692841830452], [2.1311931256366354, 0.9464748704413953, 0.9345608498404642], [-2.306229336801067, 1.5096244067178226, -1.8715407782962479], [2.241230138500781, 0.925799293561048, 0.3932806763187262], [2.1393010724103183, 2.601008894853815, 1.361932513243612]]}}