{"general_info": {"target": "1yg6", "random_protein_number": 4, "iteration": 5001, "step": 1, "box_size": 3000}, "boundary_shpere": {"2i3v": {"pdb_id": "2i3v", "atom_number": 8367, "center": [[24.8585, 53.5255, 53.5255], 4], "radius": [72.1328, 4]}, "4wjk": {"pdb_id": "4wjk", "atom_number": 14326, "center": [[-17.958, -6.212, -6.212], 4], "radius": [98.9989, 4]}, "2h12": {"pdb_id": "2h12", "atom_number": 23521, "center": [[38.3515, -23.6085, -23.6085], 4], "radius": [80.9821, 4]}, "2z04": {"pdb_id": "2z04", "atom_number": 5205, "center": [[0.912, -2.371, -2.371], 4], "radius": [56.8776, 4]}, "1yg6": {"pdb_id": "1yg6", "atom_number": 21540, "center": [[47.4345, 51.1225, 51.1225], 4], "radius": [70.8212, 4]}, "1f1b": {"pdb_id": "1f1b", "atom_number": 8274, "center": [[49.2915, 49.977, 49.977], 4], "radius": [72.0684, 4]}, "1bxn": {"pdb_id": "1bxn", "atom_number": 18144, "center": [[5.9055, 107.7655, 107.7655], 4], "radius": [72.9518, 4]}, "2byu": {"pdb_id": "2byu", "atom_number": 9648, "center": [[0.0, 0.0, 0.0], 4], "radius": [55.1545, 4]}, "6t3e": {"pdb_id": "6t3e", "atom_number": 5086, "center": [[19.976, -0.128, -0.128], 4], "radius": [50.5839, 4]}, "3gl1": {"pdb_id": "3gl1", "atom_number": 6540, "center": [[22.17, 26.362, 26.362], 4], "radius": [82.7969, 4]}, "2ldb": {"pdb_id": "2ldb", "atom_number": 9650, "center": [[0.0, 0.0, 0.0], 4], "radius": [50.5858, 4]}, "3hhb": {"pdb_id": "3hhb", "atom_number": 4612, "center": [[0.0, -0.4985, -0.4985], 4], "radius": [35.35, 4]}, "2qes": {"pdb_id": "2qes", "atom_number": 2650, "center": [[13.879, 22.588, 22.588], 4], "radius": [38.1227, 4]}, "4d4r": {"pdb_id": "4d4r", "atom_number": 4537, "center": [[-16.0235, 23.4895, 23.4895], 4], "radius": [59.9767, 4]}}, "optimal_result": {"sum": 315.7986948437444, "grad": -283.04168950447456, "x": [1421.6040468310273, 1554.1091297383132, 1635.1242378450002, 1553.3967776369861, 1470.298125636713], "y": [1564.722864460984, 1376.5910362051213, 1426.524815072831, 1529.6645478506366, 1439.4404619213747], "z": [1691.025467559794, 1707.1410564379612, 1559.4402646764293, 1601.7291948434427, 1642.1865788825846], "initialization": [[237.5063247739757, 1851.5245350070686, 2776.2491600959784, 2068.306116852139, 789.5820245987464], [2640.393383753317, 558.1388384715673, 841.7469900626759, 2148.317498146736, 779.8988428660055], [2285.893173967699, 2237.459070311107, 801.8198638417191, 1098.8435693139768, 1694.5494694679512]], "pdb_id": ["1yg6", "6t3e", "2h12", "2z04", "1f1b"], "box_size": 3000, "initmap_rotate_angle": [[2.2779471444083694, 1.0851774126763096, 0.2281049648236655], [2.6223350706467934, 1.1026900922933158, 0.4008172036930403], [2.6744178113207084, 0.6079038427667324, -0.17466483402746086], [2.1570743639128795, 1.2883393902632234, 0.6237225267092902], [2.4209388836491614, 0.7248523669851471, -0.31811027588142626]], "packmap_rotate_angle": [[-2.3592296553739485, 0.5238738890100446, -2.016720703276467], [-2.1215827300372023, 1.171981083904525, -2.1919391476179846], [2.2708360084238444, 1.4852803521423552, 1.0286528536173658], [3.1268129366029367, 0.6947842299589909, -0.3973279391523191], [2.411307203118278, 2.2017914660746865, 1.0678806244521355]]}}