{"general_info": {"target": "1yg6", "random_protein_number": 4, "iteration": 5001, "step": 1, "box_size": 3000}, "boundary_shpere": {"2i3v": {"pdb_id": "2i3v", "atom_number": 8367, "center": [[24.8585, 53.5255, 53.5255], 4], "radius": [72.1328, 4]}, "4wjk": {"pdb_id": "4wjk", "atom_number": 14326, "center": [[-17.958, -6.212, -6.212], 4], "radius": [98.9989, 4]}, "2h12": {"pdb_id": "2h12", "atom_number": 23521, "center": [[38.3515, -23.6085, -23.6085], 4], "radius": [80.9821, 4]}, "2z04": {"pdb_id": "2z04", "atom_number": 5205, "center": [[0.912, -2.371, -2.371], 4], "radius": [56.8776, 4]}, "1yg6": {"pdb_id": "1yg6", "atom_number": 21540, "center": [[47.4345, 51.1225, 51.1225], 4], "radius": [70.8212, 4]}, "1f1b": {"pdb_id": "1f1b", "atom_number": 8274, "center": [[49.2915, 49.977, 49.977], 4], "radius": [72.0684, 4]}, "1bxn": {"pdb_id": "1bxn", "atom_number": 18144, "center": [[5.9055, 107.7655, 107.7655], 4], "radius": [72.9518, 4]}, "2byu": {"pdb_id": "2byu", "atom_number": 9648, "center": [[0.0, 0.0, 0.0], 4], "radius": [55.1545, 4]}, "6t3e": {"pdb_id": "6t3e", "atom_number": 5086, "center": [[19.976, -0.128, -0.128], 4], "radius": [50.5839, 4]}, "3gl1": {"pdb_id": "3gl1", "atom_number": 6540, "center": [[22.17, 26.362, 26.362], 4], "radius": [82.7969, 4]}, "2ldb": {"pdb_id": "2ldb", "atom_number": 9650, "center": [[0.0, 0.0, 0.0], 4], "radius": [50.5858, 4]}, "3hhb": {"pdb_id": "3hhb", "atom_number": 4612, "center": [[0.0, -0.4985, -0.4985], 4], "radius": [35.35, 4]}, "2qes": {"pdb_id": "2qes", "atom_number": 2650, "center": [[13.879, 22.588, 22.588], 4], "radius": [38.1227, 4]}, "4d4r": {"pdb_id": "4d4r", "atom_number": 4537, "center": [[-16.0235, 23.4895, 23.4895], 4], "radius": [59.9767, 4]}}, "optimal_result": {"sum": 131.17924639717074, "grad": -109.93989303990566, "x": [1970.8697767245194, 1861.4537490467549, 1957.0956763596594, 2023.0572276163007, 1925.6341341768323], "y": [1559.3929369755713, 1783.0451013702927, 1681.3952156581156, 1605.7916776899124, 1668.4292527197035], "z": [1504.664025171652, 1610.9891596383568, 1733.4502615256233, 1613.254425998149, 1601.498018644037], "initialization": [[2247.3084595066716, 1181.7386935084355, 2070.619697172056, 2540.8276739017115, 2138.5820835896493], [452.14570028196187, 2957.880023943305, 1958.2555833078293, 1293.6763329357555, 1203.3520555725631], [330.1499617736076, 1886.4400234082443, 2822.316519798106, 1470.3053832254213, 2001.1430493741852]], "pdb_id": ["1yg6", "2ldb", "2byu", "3hhb", "2h12"], "box_size": 3000, "initmap_rotate_angle": [[3.0687620361567682, 0.36922758268782335, -0.47399861410679306], [2.331913705095384, 1.2786623298844684, 0.14158481144266813], [2.3751764519185254, 0.9743154465297381, 0.05258934385850963], [-2.4444574115712943, 0.3340220308526048, -1.4175170129174635], [-1.9686230005764076, 1.2686802658710397, -1.9707623770045672]], "packmap_rotate_angle": [[2.9085494749409584, 0.8228550097217419, -1.0337018542833256], [2.8404451158975084, 0.8707686113379882, -0.005176709115264415], [1.802042410117507, 1.9624120864197427, 0.8913854434820382], [-2.268824165823695, 1.6172409652961783, -2.069656233521409], [-2.5330211050400306, 1.2111048480835862, -1.7335848218441718]]}}