{"general_info": {"target": "1yg6", "random_protein_number": 4, "iteration": 5001, "step": 1, "box_size": 3000}, "boundary_shpere": {"2i3v": {"pdb_id": "2i3v", "atom_number": 8367, "center": [[24.8585, 53.5255, 53.5255], 4], "radius": [72.1328, 4]}, "4wjk": {"pdb_id": "4wjk", "atom_number": 14326, "center": [[-17.958, -6.212, -6.212], 4], "radius": [98.9989, 4]}, "2h12": {"pdb_id": "2h12", "atom_number": 23521, "center": [[38.3515, -23.6085, -23.6085], 4], "radius": [80.9821, 4]}, "2z04": {"pdb_id": "2z04", "atom_number": 5205, "center": [[0.912, -2.371, -2.371], 4], "radius": [56.8776, 4]}, "1yg6": {"pdb_id": "1yg6", "atom_number": 21540, "center": [[47.4345, 51.1225, 51.1225], 4], "radius": [70.8212, 4]}, "1f1b": {"pdb_id": "1f1b", "atom_number": 8274, "center": [[49.2915, 49.977, 49.977], 4], "radius": [72.0684, 4]}, "1bxn": {"pdb_id": "1bxn", "atom_number": 18144, "center": [[5.9055, 107.7655, 107.7655], 4], "radius": [72.9518, 4]}, "2byu": {"pdb_id": "2byu", "atom_number": 9648, "center": [[0.0, 0.0, 0.0], 4], "radius": [55.1545, 4]}, "6t3e": {"pdb_id": "6t3e", "atom_number": 5086, "center": [[19.976, -0.128, -0.128], 4], "radius": [50.5839, 4]}, "3gl1": {"pdb_id": "3gl1", "atom_number": 6540, "center": [[22.17, 26.362, 26.362], 4], "radius": [82.7969, 4]}, "2ldb": {"pdb_id": "2ldb", "atom_number": 9650, "center": [[0.0, 0.0, 0.0], 4], "radius": [50.5858, 4]}, "3hhb": {"pdb_id": "3hhb", "atom_number": 4612, "center": [[0.0, -0.4985, -0.4985], 4], "radius": [35.35, 4]}, "2qes": {"pdb_id": "2qes", "atom_number": 2650, "center": [[13.879, 22.588, 22.588], 4], "radius": [38.1227, 4]}, "4d4r": {"pdb_id": "4d4r", "atom_number": 4537, "center": [[-16.0235, 23.4895, 23.4895], 4], "radius": [59.9767, 4]}}, "optimal_result": {"sum": 636.5279758130216, "grad": -342.53687933710717, "x": [1470.1526580769219, 1536.2173653836423, 1576.0025563666406, 1352.045785275198, 1397.9703714413238], "y": [2417.771018852982, 2498.2184496659484, 2285.286795672346, 2467.6688429845244, 2379.9378784556698], "z": [1436.1108767225653, 1510.618663434089, 1425.7631582672084, 1409.8976995656449, 1316.7620400647706], "initialization": [[1498.405559683725, 1883.3251140325117, 2056.131084590218, 672.7209159099789, 1157.0931707992481], [2795.9357602591626, 2877.9131252199622, 1726.7724801595305, 2785.8055833488474, 2203.476258477747], [1354.496888021662, 1924.4487003336017, 1442.6271527662557, 1339.638718038958, 925.7455057124289]], "pdb_id": ["1yg6", "2z04", "4wjk", "4d4r", "1bxn"], "box_size": 3000, "initmap_rotate_angle": [[-2.601540552341862, 2.4437855708070906, 2.6611838002891877], [2.4243718164866266, 2.204751334932182, 1.224525619101959], [2.330824374654072, 1.1912408491626492, 0.6658284854577807], [2.2614401277904466, 2.2609874880571246, 1.1144618306411034], [-2.2819243229644757, 0.8119895562037662, -1.9446035380502065]], "packmap_rotate_angle": [[-2.057120562796128, 1.1110813421081114, -2.1411466686602387], [3.024445390584891, 0.6567540022011737, -0.7260866343686049], [-2.9456414615679893, 0.6485358257401828, -1.0999260205398624], [1.9802560794219628, 1.092137652984772, 0.8910254433379141], [-2.258849758491376, 1.062013995959799, -2.0927770790262312]]}}