{"general_info": {"target": "2byu", "random_protein_number": 4, "iteration": 5001, "step": 1, "box_size": 3000}, "boundary_shpere": {"2i3v": {"pdb_id": "2i3v", "atom_number": 8367, "center": [[24.8585, 53.5255, 53.5255], 4], "radius": [72.1328, 4]}, "4wjk": {"pdb_id": "4wjk", "atom_number": 14326, "center": [[-17.958, -6.212, -6.212], 4], "radius": [98.9989, 4]}, "2h12": {"pdb_id": "2h12", "atom_number": 23521, "center": [[38.3515, -23.6085, -23.6085], 4], "radius": [80.9821, 4]}, "2z04": {"pdb_id": "2z04", "atom_number": 5205, "center": [[0.912, -2.371, -2.371], 4], "radius": [56.8776, 4]}, "1yg6": {"pdb_id": "1yg6", "atom_number": 21540, "center": [[47.4345, 51.1225, 51.1225], 4], "radius": [70.8212, 4]}, "1f1b": {"pdb_id": "1f1b", "atom_number": 8274, "center": [[49.2915, 49.977, 49.977], 4], "radius": [72.0684, 4]}, "1bxn": {"pdb_id": "1bxn", "atom_number": 18144, "center": [[5.9055, 107.7655, 107.7655], 4], "radius": [72.9518, 4]}, "2byu": {"pdb_id": "2byu", "atom_number": 9648, "center": [[0.0, 0.0, 0.0], 4], "radius": [55.1545, 4]}, "6t3e": {"pdb_id": "6t3e", "atom_number": 5086, "center": [[19.976, -0.128, -0.128], 4], "radius": [50.5839, 4]}, "3gl1": {"pdb_id": "3gl1", "atom_number": 6540, "center": [[22.17, 26.362, 26.362], 4], "radius": [82.7969, 4]}, "2ldb": {"pdb_id": "2ldb", "atom_number": 9650, "center": [[0.0, 0.0, 0.0], 4], "radius": [50.5858, 4]}, "3hhb": {"pdb_id": "3hhb", "atom_number": 4612, "center": [[0.0, -0.4985, -0.4985], 4], "radius": [35.35, 4]}, "2qes": {"pdb_id": "2qes", "atom_number": 2650, "center": [[13.879, 22.588, 22.588], 4], "radius": [38.1227, 4]}, "4d4r": {"pdb_id": "4d4r", "atom_number": 4537, "center": [[-16.0235, 23.4895, 23.4895], 4], "radius": [59.9767, 4]}}, "optimal_result": {"sum": 164.43924068631992, "grad": 143.00367332198402, "x": [1341.9267507108837, 1413.3894403169388, 1178.2173074782843, 1168.3388317373597, 1311.2190008913626], "y": [1474.6175339334197, 1659.8110541886851, 1581.324528041523, 1571.1842583840828, 1591.7172017177509], "z": [1956.4598835428912, 1837.6429986154844, 1969.2464349681004, 1811.8368442965805, 1890.2505970692432], "initialization": [[1690.228228331558, 2295.005710515673, 394.0334327093642, 463.74109722137325, 1363.8914677221933], [752.5813628176284, 2240.45935749971, 1597.8941324783807, 1566.7132007672226, 1338.6549921945361], [2404.3718906641016, 1461.021357118871, 2504.3367155674623, 1311.1657830338809, 1679.1835340836735]], "pdb_id": ["2byu", "2ldb", "1f1b", "2h12", "3gl1"], "box_size": 3000, "initmap_rotate_angle": [[2.376682975460745, 1.1126482531637663, 0.5134506224764869], [-2.0836948713546803, 1.6522661858320435, -1.9224418623480954], [-2.875581243672038, 0.7603987500333752, -1.336613114655439], [3.1190953581543432, 0.25788202868637716, -0.6309374538444631], [-2.9008559986337903, 2.554928741656248, 2.461035120883685]], "packmap_rotate_angle": [[-2.0488312954037013, 1.5266773677034877, -2.508189626980028], [2.302833577274596, 1.6825924628629938, 0.7734436236975475], [-2.315335023431813, 0.26358814267553654, -1.652994406391744], [-2.1576287090098756, 1.168997911532868, -2.09574528937929], [2.561600794701975, 0.7386243507168369, -0.521676412793675]]}}