{"general_info": {"target": "2byu", "random_protein_number": 4, "iteration": 5001, "step": 1, "box_size": 3000}, "boundary_shpere": {"2i3v": {"pdb_id": "2i3v", "atom_number": 8367, "center": [[24.8585, 53.5255, 53.5255], 4], "radius": [72.1328, 4]}, "4wjk": {"pdb_id": "4wjk", "atom_number": 14326, "center": [[-17.958, -6.212, -6.212], 4], "radius": [98.9989, 4]}, "2h12": {"pdb_id": "2h12", "atom_number": 23521, "center": [[38.3515, -23.6085, -23.6085], 4], "radius": [80.9821, 4]}, "2z04": {"pdb_id": "2z04", "atom_number": 5205, "center": [[0.912, -2.371, -2.371], 4], "radius": [56.8776, 4]}, "1yg6": {"pdb_id": "1yg6", "atom_number": 21540, "center": [[47.4345, 51.1225, 51.1225], 4], "radius": [70.8212, 4]}, "1f1b": {"pdb_id": "1f1b", "atom_number": 8274, "center": [[49.2915, 49.977, 49.977], 4], "radius": [72.0684, 4]}, "1bxn": {"pdb_id": "1bxn", "atom_number": 18144, "center": [[5.9055, 107.7655, 107.7655], 4], "radius": [72.9518, 4]}, "2byu": {"pdb_id": "2byu", "atom_number": 9648, "center": [[0.0, 0.0, 0.0], 4], "radius": [55.1545, 4]}, "6t3e": {"pdb_id": "6t3e", "atom_number": 5086, "center": [[19.976, -0.128, -0.128], 4], "radius": [50.5839, 4]}, "3gl1": {"pdb_id": "3gl1", "atom_number": 6540, "center": [[22.17, 26.362, 26.362], 4], "radius": [82.7969, 4]}, "2ldb": {"pdb_id": "2ldb", "atom_number": 9650, "center": [[0.0, 0.0, 0.0], 4], "radius": [50.5858, 4]}, "3hhb": {"pdb_id": "3hhb", "atom_number": 4612, "center": [[0.0, -0.4985, -0.4985], 4], "radius": [35.35, 4]}, "2qes": {"pdb_id": "2qes", "atom_number": 2650, "center": [[13.879, 22.588, 22.588], 4], "radius": [38.1227, 4]}, "4d4r": {"pdb_id": "4d4r", "atom_number": 4537, "center": [[-16.0235, 23.4895, 23.4895], 4], "radius": [59.9767, 4]}}, "optimal_result": {"sum": 137.06628014223688, "grad": -109.03439194827206, "x": [837.3662447089251, 984.196658663186, 873.279907507185, 1061.7389862947985, 911.8868513064556], "y": [1260.8855587243045, 1508.5076433590132, 1378.6781270610834, 1613.3415669866743, 1450.6794952397263], "z": [1416.415349955554, 1504.6132795737358, 1353.157187084649, 1570.4539106831105, 1443.1450829283751], "initialization": [[296.1491929827976, 713.3402191480334, 383.20392765320975, 1984.2026686997872, 154.74938006697636], [166.65091070597094, 985.3402447288092, 760.3132253626612, 2811.4347262974447, 1565.563117639884], [1201.3818285429945, 884.0646621484279, 514.8525695268482, 2391.510438402562, 1101.1182596527947]], "pdb_id": ["2byu", "1bxn", "3gl1", "2i3v", "2qes"], "box_size": 3000, "initmap_rotate_angle": [[-2.326193044054492, 0.9376061141325004, -2.1507065944593404], [-2.335610817395996, 0.9237154022455548, -1.64249244018544], [2.9576170598691247, 0.42938480141261065, 0.022419958064142154], [1.9558162608306577, 1.454388737338361, 1.0118686401568393], [2.236082389917666, 0.6192981127671207, 0.3702318338635082]], "packmap_rotate_angle": [[-2.754629516081605, 0.3517751973458767, -1.2218734067075852], [2.2088591540024076, 0.6493231989663434, 0.1287882002249827], [-2.989063183700857, 0.815617866546453, -0.954819785947485], [2.186336182699715, 1.5228157394276352, 0.5086828476383978], [2.142610732608213, 1.0475324228265797, 1.0500032888910413]]}}