{"general_info": {"target": "2byu", "random_protein_number": 4, "iteration": 5001, "step": 1, "box_size": 3000}, "boundary_shpere": {"2i3v": {"pdb_id": "2i3v", "atom_number": 8367, "center": [[24.8585, 53.5255, 53.5255], 4], "radius": [72.1328, 4]}, "4wjk": {"pdb_id": "4wjk", "atom_number": 14326, "center": [[-17.958, -6.212, -6.212], 4], "radius": [98.9989, 4]}, "2h12": {"pdb_id": "2h12", "atom_number": 23521, "center": [[38.3515, -23.6085, -23.6085], 4], "radius": [80.9821, 4]}, "2z04": {"pdb_id": "2z04", "atom_number": 5205, "center": [[0.912, -2.371, -2.371], 4], "radius": [56.8776, 4]}, "1yg6": {"pdb_id": "1yg6", "atom_number": 21540, "center": [[47.4345, 51.1225, 51.1225], 4], "radius": [70.8212, 4]}, "1f1b": {"pdb_id": "1f1b", "atom_number": 8274, "center": [[49.2915, 49.977, 49.977], 4], "radius": [72.0684, 4]}, "1bxn": {"pdb_id": "1bxn", "atom_number": 18144, "center": [[5.9055, 107.7655, 107.7655], 4], "radius": [72.9518, 4]}, "2byu": {"pdb_id": "2byu", "atom_number": 9648, "center": [[0.0, 0.0, 0.0], 4], "radius": [55.1545, 4]}, "6t3e": {"pdb_id": "6t3e", "atom_number": 5086, "center": [[19.976, -0.128, -0.128], 4], "radius": [50.5839, 4]}, "3gl1": {"pdb_id": "3gl1", "atom_number": 6540, "center": [[22.17, 26.362, 26.362], 4], "radius": [82.7969, 4]}, "2ldb": {"pdb_id": "2ldb", "atom_number": 9650, "center": [[0.0, 0.0, 0.0], 4], "radius": [50.5858, 4]}, "3hhb": {"pdb_id": "3hhb", "atom_number": 4612, "center": [[0.0, -0.4985, -0.4985], 4], "radius": [35.35, 4]}, "2qes": {"pdb_id": "2qes", "atom_number": 2650, "center": [[13.879, 22.588, 22.588], 4], "radius": [38.1227, 4]}, "4d4r": {"pdb_id": "4d4r", "atom_number": 4537, "center": [[-16.0235, 23.4895, 23.4895], 4], "radius": [59.9767, 4]}}, "optimal_result": {"sum": 282.9055212057825, "grad": 122.29039422547248, "x": [1664.9917703671615, 1431.236236657901, 1518.9590646325587, 1556.6722967428557, 1573.5374406564874], "y": [1896.2136886034887, 1628.1609440300879, 1748.6115043873194, 1886.60836596072, 1839.9123708568302], "z": [1836.5371876210118, 1934.1205431489784, 1896.3517080903796, 1734.6961133238112, 1810.8516184575155], "initialization": [[2891.528417664413, 615.4047795187965, 1125.9342475501896, 1637.3599736499327, 1606.729611321391], [2788.0090879926247, 379.0462559290879, 984.6658652670326, 2827.6725731912184, 2727.8569069725295], [1862.182644098915, 2586.857471587218, 2431.4360925299457, 486.9133903448739, 1928.0894026378278]], "pdb_id": ["2byu", "2i3v", "2h12", "3hhb", "2byu"], "box_size": 3000, "initmap_rotate_angle": [[-2.569367851573145, 1.1126370740894609, -1.4776260739062694], [1.81373766648507, 1.7898865967021989, 1.3469316829462168], [2.7212772217057357, 0.7143155131597404, -0.0969430318865303], [-2.4631649140873284, 1.6342642746310425, -2.55083869188891], [2.169875546235257, 1.506815544873368, 0.5102365795845968]], "packmap_rotate_angle": [[2.513967133097069, 1.7526752997286041, 1.1981712265513078], [2.976646337675446, 0.7534300268360056, -0.11508855401410369], [-2.3435176189105245, 1.339836256036761, -2.131833824152268], [2.5275316387761633, 0.7087838792024543, 0.17090641281927396], [-2.550002760829124, 0.5891461713441639, -1.5816030075483603]]}}