{"general_info": {"target": "2byu", "random_protein_number": 4, "iteration": 5001, "step": 1, "box_size": 3000}, "boundary_shpere": {"2i3v": {"pdb_id": "2i3v", "atom_number": 8367, "center": [[24.8585, 53.5255, 53.5255], 4], "radius": [72.1328, 4]}, "4wjk": {"pdb_id": "4wjk", "atom_number": 14326, "center": [[-17.958, -6.212, -6.212], 4], "radius": [98.9989, 4]}, "2h12": {"pdb_id": "2h12", "atom_number": 23521, "center": [[38.3515, -23.6085, -23.6085], 4], "radius": [80.9821, 4]}, "2z04": {"pdb_id": "2z04", "atom_number": 5205, "center": [[0.912, -2.371, -2.371], 4], "radius": [56.8776, 4]}, "1yg6": {"pdb_id": "1yg6", "atom_number": 21540, "center": [[47.4345, 51.1225, 51.1225], 4], "radius": [70.8212, 4]}, "1f1b": {"pdb_id": "1f1b", "atom_number": 8274, "center": [[49.2915, 49.977, 49.977], 4], "radius": [72.0684, 4]}, "1bxn": {"pdb_id": "1bxn", "atom_number": 18144, "center": [[5.9055, 107.7655, 107.7655], 4], "radius": [72.9518, 4]}, "2byu": {"pdb_id": "2byu", "atom_number": 9648, "center": [[0.0, 0.0, 0.0], 4], "radius": [55.1545, 4]}, "6t3e": {"pdb_id": "6t3e", "atom_number": 5086, "center": [[19.976, -0.128, -0.128], 4], "radius": [50.5839, 4]}, "3gl1": {"pdb_id": "3gl1", "atom_number": 6540, "center": [[22.17, 26.362, 26.362], 4], "radius": [82.7969, 4]}, "2ldb": {"pdb_id": "2ldb", "atom_number": 9650, "center": [[0.0, 0.0, 0.0], 4], "radius": [50.5858, 4]}, "3hhb": {"pdb_id": "3hhb", "atom_number": 4612, "center": [[0.0, -0.4985, -0.4985], 4], "radius": [35.35, 4]}, "2qes": {"pdb_id": "2qes", "atom_number": 2650, "center": [[13.879, 22.588, 22.588], 4], "radius": [38.1227, 4]}, "4d4r": {"pdb_id": "4d4r", "atom_number": 4537, "center": [[-16.0235, 23.4895, 23.4895], 4], "radius": [59.9767, 4]}}, "optimal_result": {"sum": 104.09776091269674, "grad": 29.092038386654167, "x": [1888.6420656537769, 1823.485857526171, 1814.1068410150322, 1960.1339187476376, 1878.865180332318], "y": [1289.6473569915593, 1410.3590317253165, 1446.4672835645042, 1396.7733421085181, 1381.1740391183546], "z": [735.5036898253018, 707.012069011749, 791.8115258224927, 870.3765103916469, 800.7292871306614], "initialization": [[2172.109183164478, 1474.5409702125307, 1023.2728987375174, 2758.206542841751, 1424.7162434268018], [191.72397175478838, 1618.8092062722724, 2394.6756766265157, 1509.6498996202229, 1160.4580683873946], [239.67991333541826, 77.75480007493462, 990.5388588805824, 1611.4899948541158, 545.9941324068964]], "pdb_id": ["2byu", "2byu", "3hhb", "6t3e", "2z04"], "box_size": 3000, "initmap_rotate_angle": [[-2.188939689675639, 1.7661295611810992, -2.7770467085070907], [1.872103946221822, 1.9349786700682006, 1.173463175482278], [2.4935301367221037, 0.4611721011331239, -0.010814441239565936], [2.411643550652587, 0.7938889889694926, 0.41037461704284517], [-2.31065250628095, 0.9609884790960285, -1.7511395493675757]], "packmap_rotate_angle": [[-2.404856709622784, 0.8923879287231241, -1.8975034245520948], [2.492784732840093, 1.1715924450153965, 0.39326724164716825], [-2.4296421004836044, 2.3588236224094308, -3.10192003918806], [2.0690461056660454, 1.5565965135023352, 0.737367315574943], [2.0586021871637037, 1.4313203393868927, 0.5891679882001465]]}}