{"general_info": {"target": "2byu", "random_protein_number": 4, "iteration": 5001, "step": 1, "box_size": 3000}, "boundary_shpere": {"2i3v": {"pdb_id": "2i3v", "atom_number": 8367, "center": [[24.8585, 53.5255, 53.5255], 4], "radius": [72.1328, 4]}, "4wjk": {"pdb_id": "4wjk", "atom_number": 14326, "center": [[-17.958, -6.212, -6.212], 4], "radius": [98.9989, 4]}, "2h12": {"pdb_id": "2h12", "atom_number": 23521, "center": [[38.3515, -23.6085, -23.6085], 4], "radius": [80.9821, 4]}, "2z04": {"pdb_id": "2z04", "atom_number": 5205, "center": [[0.912, -2.371, -2.371], 4], "radius": [56.8776, 4]}, "1yg6": {"pdb_id": "1yg6", "atom_number": 21540, "center": [[47.4345, 51.1225, 51.1225], 4], "radius": [70.8212, 4]}, "1f1b": {"pdb_id": "1f1b", "atom_number": 8274, "center": [[49.2915, 49.977, 49.977], 4], "radius": [72.0684, 4]}, "1bxn": {"pdb_id": "1bxn", "atom_number": 18144, "center": [[5.9055, 107.7655, 107.7655], 4], "radius": [72.9518, 4]}, "2byu": {"pdb_id": "2byu", "atom_number": 9648, "center": [[0.0, 0.0, 0.0], 4], "radius": [55.1545, 4]}, "6t3e": {"pdb_id": "6t3e", "atom_number": 5086, "center": [[19.976, -0.128, -0.128], 4], "radius": [50.5839, 4]}, "3gl1": {"pdb_id": "3gl1", "atom_number": 6540, "center": [[22.17, 26.362, 26.362], 4], "radius": [82.7969, 4]}, "2ldb": {"pdb_id": "2ldb", "atom_number": 9650, "center": [[0.0, 0.0, 0.0], 4], "radius": [50.5858, 4]}, "3hhb": {"pdb_id": "3hhb", "atom_number": 4612, "center": [[0.0, -0.4985, -0.4985], 4], "radius": [35.35, 4]}, "2qes": {"pdb_id": "2qes", "atom_number": 2650, "center": [[13.879, 22.588, 22.588], 4], "radius": [38.1227, 4]}, "4d4r": {"pdb_id": "4d4r", "atom_number": 4537, "center": [[-16.0235, 23.4895, 23.4895], 4], "radius": [59.9767, 4]}}, "optimal_result": {"sum": 693.5448323068395, "grad": 676.6668455864219, "x": [1289.9708793258756, 1225.6668299099797, 1141.8504058154845, 1182.5863610852336, 1379.1853304307488], "y": [1476.9922068900848, 1574.1285312408988, 1597.2962476176178, 1707.0763687502706, 1551.909703615608], "z": [1652.3714043963187, 1706.6176468429894, 1771.3450099691315, 1744.0460061523295, 1727.488306073711], "initialization": [[1792.5218785066854, 1713.0672385078215, 141.13191564104744, 569.112805127776, 2340.1627359277686], [277.96586749611174, 2195.8524228400684, 1761.4404750129054, 2908.9179011738465, 1259.3586724819072], [882.5884324445989, 2142.3523880418693, 2323.458944396714, 2026.2168284340503, 1696.5237613524482]], "pdb_id": ["2byu", "1bxn", "3hhb", "1yg6", "3gl1"], "box_size": 3000, "initmap_rotate_angle": [[2.2027609316876826, 0.7553745028446398, 0.21486395049354234], [3.0778430145076023, 0.7353744522777496, -0.5386263570313091], [2.8309283521415813, 1.0117070235874874, 0.03074037785801985], [-2.4492076287085744, 0.6365618713427118, -1.9412256067299296], [-2.916322490904521, 0.4483949624643972, -0.6548262401986084]], "packmap_rotate_angle": [[-2.7217096662324134, 0.7392727822808693, -1.4280755586403373], [2.4954120519728664, 0.6665906844433558, -0.09246478508793711], [-2.5389899341919464, 1.0720419350136352, -1.3349166611070198], [2.390805247899743, 1.035683980407025, 0.5417496006245215], [0.4427582949549399, 0.8434537783423993, -1.4641835544232014]]}}