{"general_info": {"target": "2h12", "random_protein_number": 4, "iteration": 5001, "step": 1, "box_size": 3000}, "boundary_shpere": {"2i3v": {"pdb_id": "2i3v", "atom_number": 8367, "center": [[24.8585, 53.5255, 53.5255], 4], "radius": [72.1328, 4]}, "4wjk": {"pdb_id": "4wjk", "atom_number": 14326, "center": [[-17.958, -6.212, -6.212], 4], "radius": [98.9989, 4]}, "2h12": {"pdb_id": "2h12", "atom_number": 23521, "center": [[38.3515, -23.6085, -23.6085], 4], "radius": [80.9821, 4]}, "2z04": {"pdb_id": "2z04", "atom_number": 5205, "center": [[0.912, -2.371, -2.371], 4], "radius": [56.8776, 4]}, "1yg6": {"pdb_id": "1yg6", "atom_number": 21540, "center": [[47.4345, 51.1225, 51.1225], 4], "radius": [70.8212, 4]}, "1f1b": {"pdb_id": "1f1b", "atom_number": 8274, "center": [[49.2915, 49.977, 49.977], 4], "radius": [72.0684, 4]}, "1bxn": {"pdb_id": "1bxn", "atom_number": 18144, "center": [[5.9055, 107.7655, 107.7655], 4], "radius": [72.9518, 4]}, "2byu": {"pdb_id": "2byu", "atom_number": 9648, "center": [[0.0, 0.0, 0.0], 4], "radius": [55.1545, 4]}, "6t3e": {"pdb_id": "6t3e", "atom_number": 5086, "center": [[19.976, -0.128, -0.128], 4], "radius": [50.5839, 4]}, "3gl1": {"pdb_id": "3gl1", "atom_number": 6540, "center": [[22.17, 26.362, 26.362], 4], "radius": [82.7969, 4]}, "2ldb": {"pdb_id": "2ldb", "atom_number": 9650, "center": [[0.0, 0.0, 0.0], 4], "radius": [50.5858, 4]}, "3hhb": {"pdb_id": "3hhb", "atom_number": 4612, "center": [[0.0, -0.4985, -0.4985], 4], "radius": [35.35, 4]}, "2qes": {"pdb_id": "2qes", "atom_number": 2650, "center": [[13.879, 22.588, 22.588], 4], "radius": [38.1227, 4]}, "4d4r": {"pdb_id": "4d4r", "atom_number": 4537, "center": [[-16.0235, 23.4895, 23.4895], 4], "radius": [59.9767, 4]}}, "optimal_result": {"sum": 134.31601449315582, "grad": 11.143544086491602, "x": [2020.4706540901125, 1788.3166301920253, 2005.041961963486, 1725.0927810853436, 1887.5163928543645], "y": [1732.1164892191139, 1885.2193802289778, 1830.1653762119918, 1772.7410334394267, 1818.670802146449], "z": [2030.2485626215298, 2046.4941427238464, 1851.6937069381802, 1973.2864465062626, 1944.8603058320302], "initialization": [[2846.1911545694015, 883.6820961260805, 2970.9536501070497, 504.548923661986, 2720.410171025243], [1088.0183988173508, 2394.9383495536936, 1971.9918801954511, 1456.2070936226537, 2356.7598470921544], [2423.557620918145, 2699.81548801551, 809.7865150861405, 2046.6145654056759, 2240.1248576407056]], "pdb_id": ["2h12", "2z04", "2ldb", "2i3v", "4wjk"], "box_size": 3000, "initmap_rotate_angle": [[-2.3837677461620235, 0.4488603177482179, -1.5410159745841192], [2.399931932419755, 0.9079778185282413, 0.01421354478592135], [-2.8756546217961714, 0.6372800493527984, -1.086424403512551], [-2.1304573587779, 1.2851749701454152, -1.942498197074335], [2.2930539963225365, 0.5409907505698542, -0.06070636311854977]], "packmap_rotate_angle": [[2.1690646690043978, 1.8248537669721068, 0.7965521564593092], [2.3914402969922715, 1.0837393345240691, 0.017224545046623345], [-2.3070946703878863, 1.207829547705783, -2.4409831055092726], [2.5228876355565726, 0.6993605265527312, -0.390027479088791], [-2.3895872832736424, 0.6819663838681775, -1.9189639562034955]]}}