{"general_info": {"target": "2h12", "random_protein_number": 4, "iteration": 5001, "step": 1, "box_size": 3000}, "boundary_shpere": {"2i3v": {"pdb_id": "2i3v", "atom_number": 8367, "center": [[24.8585, 53.5255, 53.5255], 4], "radius": [72.1328, 4]}, "4wjk": {"pdb_id": "4wjk", "atom_number": 14326, "center": [[-17.958, -6.212, -6.212], 4], "radius": [98.9989, 4]}, "2h12": {"pdb_id": "2h12", "atom_number": 23521, "center": [[38.3515, -23.6085, -23.6085], 4], "radius": [80.9821, 4]}, "2z04": {"pdb_id": "2z04", "atom_number": 5205, "center": [[0.912, -2.371, -2.371], 4], "radius": [56.8776, 4]}, "1yg6": {"pdb_id": "1yg6", "atom_number": 21540, "center": [[47.4345, 51.1225, 51.1225], 4], "radius": [70.8212, 4]}, "1f1b": {"pdb_id": "1f1b", "atom_number": 8274, "center": [[49.2915, 49.977, 49.977], 4], "radius": [72.0684, 4]}, "1bxn": {"pdb_id": "1bxn", "atom_number": 18144, "center": [[5.9055, 107.7655, 107.7655], 4], "radius": [72.9518, 4]}, "2byu": {"pdb_id": "2byu", "atom_number": 9648, "center": [[0.0, 0.0, 0.0], 4], "radius": [55.1545, 4]}, "6t3e": {"pdb_id": "6t3e", "atom_number": 5086, "center": [[19.976, -0.128, -0.128], 4], "radius": [50.5839, 4]}, "3gl1": {"pdb_id": "3gl1", "atom_number": 6540, "center": [[22.17, 26.362, 26.362], 4], "radius": [82.7969, 4]}, "2ldb": {"pdb_id": "2ldb", "atom_number": 9650, "center": [[0.0, 0.0, 0.0], 4], "radius": [50.5858, 4]}, "3hhb": {"pdb_id": "3hhb", "atom_number": 4612, "center": [[0.0, -0.4985, -0.4985], 4], "radius": [35.35, 4]}, "2qes": {"pdb_id": "2qes", "atom_number": 2650, "center": [[13.879, 22.588, 22.588], 4], "radius": [38.1227, 4]}, "4d4r": {"pdb_id": "4d4r", "atom_number": 4537, "center": [[-16.0235, 23.4895, 23.4895], 4], "radius": [59.9767, 4]}}, "optimal_result": {"sum": 219.03816419252794, "grad": -126.85448114193969, "x": [1345.4185119818128, 1333.839695202319, 1214.3942983325446, 1365.1344430809781, 1282.9831168639287], "y": [1485.9597002539635, 1559.2733845145658, 1405.2046495033244, 1520.279672681391, 1463.6548288494191], "z": [1517.1666476910568, 1684.121650005563, 1770.1272491104435, 1630.0082861081767, 1684.273957805175], "initialization": [[1491.8403932851352, 1457.784185204588, 286.69347764923623, 2284.196653242154, 2170.971116616483], [1252.9749627633366, 2659.1791861355923, 569.995908568451, 1748.2554540054373, 2383.806954038079], [197.54073407507155, 2223.46022191097, 2746.7014014123383, 869.4918401942878, 1875.5031270463458]], "pdb_id": ["2h12", "3hhb", "2ldb", "2qes", "1bxn"], "box_size": 3000, "initmap_rotate_angle": [[-2.370431331648499, 1.127373402873109, -1.633605853675285], [2.2699146029139023, 1.135081320822873, 0.2987555238287101], [2.502082215417437, 0.6539264965149929, 0.21666231279446072], [-2.579638299599568, 1.1679987104967162, -1.5452739137035796], [2.164129503356622, 0.3668970709443071, 0.42312019205438683]], "packmap_rotate_angle": [[2.232981995674877, 1.3324489116938893, 0.7354490217725899], [2.861073582448087, 0.4228230664956933, -0.6397355993592312], [-2.0726952796914953, 1.0222047575018294, -2.3433269646666837], [2.0932900771668046, 0.9263235455891671, -0.1114169929328583], [2.235854769640313, 1.7451791517854134, 1.1299166955294728]]}}