{"general_info": {"target": "2h12", "random_protein_number": 4, "iteration": 5001, "step": 1, "box_size": 3000}, "boundary_shpere": {"2i3v": {"pdb_id": "2i3v", "atom_number": 8367, "center": [[24.8585, 53.5255, 53.5255], 4], "radius": [72.1328, 4]}, "4wjk": {"pdb_id": "4wjk", "atom_number": 14326, "center": [[-17.958, -6.212, -6.212], 4], "radius": [98.9989, 4]}, "2h12": {"pdb_id": "2h12", "atom_number": 23521, "center": [[38.3515, -23.6085, -23.6085], 4], "radius": [80.9821, 4]}, "2z04": {"pdb_id": "2z04", "atom_number": 5205, "center": [[0.912, -2.371, -2.371], 4], "radius": [56.8776, 4]}, "1yg6": {"pdb_id": "1yg6", "atom_number": 21540, "center": [[47.4345, 51.1225, 51.1225], 4], "radius": [70.8212, 4]}, "1f1b": {"pdb_id": "1f1b", "atom_number": 8274, "center": [[49.2915, 49.977, 49.977], 4], "radius": [72.0684, 4]}, "1bxn": {"pdb_id": "1bxn", "atom_number": 18144, "center": [[5.9055, 107.7655, 107.7655], 4], "radius": [72.9518, 4]}, "2byu": {"pdb_id": "2byu", "atom_number": 9648, "center": [[0.0, 0.0, 0.0], 4], "radius": [55.1545, 4]}, "6t3e": {"pdb_id": "6t3e", "atom_number": 5086, "center": [[19.976, -0.128, -0.128], 4], "radius": [50.5839, 4]}, "3gl1": {"pdb_id": "3gl1", "atom_number": 6540, "center": [[22.17, 26.362, 26.362], 4], "radius": [82.7969, 4]}, "2ldb": {"pdb_id": "2ldb", "atom_number": 9650, "center": [[0.0, 0.0, 0.0], 4], "radius": [50.5858, 4]}, "3hhb": {"pdb_id": "3hhb", "atom_number": 4612, "center": [[0.0, -0.4985, -0.4985], 4], "radius": [35.35, 4]}, "2qes": {"pdb_id": "2qes", "atom_number": 2650, "center": [[13.879, 22.588, 22.588], 4], "radius": [38.1227, 4]}, "4d4r": {"pdb_id": "4d4r", "atom_number": 4537, "center": [[-16.0235, 23.4895, 23.4895], 4], "radius": [59.9767, 4]}}, "optimal_result": {"sum": 116.80193006338239, "grad": -55.91125917979298, "x": [954.3844474260867, 866.3216637871417, 802.0417851912224, 861.6671869236465, 857.1259560370762], "y": [1749.710891484077, 1582.39879842523, 1769.1964833042143, 1689.9656713335814, 1672.646260738321], "z": [1791.1871788810531, 1760.199868026685, 1635.9073520130132, 1530.319463992647, 1684.2690974208203], "initialization": [[1594.570548504285, 892.4402622562576, 142.80372714835454, 901.2080625087606, 726.3303406038359], [1873.6464339078518, 485.24524467458974, 2601.2176125517167, 1570.7826355627267, 2744.4687965246558], [2569.4334122780688, 2508.4077439202897, 1097.6455143666137, 388.56034219725177, 1709.0060275532587]], "pdb_id": ["2h12", "3hhb", "2qes", "2i3v", "3gl1"], "box_size": 3000, "initmap_rotate_angle": [[2.5360118776204166, 0.7509499702074124, -0.05481249531404312], [-2.2773946379896812, 2.309202664222021, -2.954876608756921], [2.783619628610928, 0.9601851707172885, -0.03378402408160003], [2.3914250485453157, 1.3419677016715712, 0.401771886816594], [2.5113541133781654, 1.1680358016590893, 0.14251275163714947]], "packmap_rotate_angle": [[2.4203003802033187, 2.026071871806152, 1.2087260139059275], [2.0773389832216362, 1.1788085571381504, 1.0139459428166004], [2.4733254454674354, 1.2999847084671425, 0.5160830109864366], [2.9652249679253577, 0.4223666399171716, -0.5026618768968193], [2.314464974633626, 1.0047506721066406, -0.12148805995207407]]}}