{"general_info": {"target": "2h12", "random_protein_number": 4, "iteration": 5001, "step": 1, "box_size": 3000}, "boundary_shpere": {"2i3v": {"pdb_id": "2i3v", "atom_number": 8367, "center": [[24.8585, 53.5255, 53.5255], 4], "radius": [72.1328, 4]}, "4wjk": {"pdb_id": "4wjk", "atom_number": 14326, "center": [[-17.958, -6.212, -6.212], 4], "radius": [98.9989, 4]}, "2h12": {"pdb_id": "2h12", "atom_number": 23521, "center": [[38.3515, -23.6085, -23.6085], 4], "radius": [80.9821, 4]}, "2z04": {"pdb_id": "2z04", "atom_number": 5205, "center": [[0.912, -2.371, -2.371], 4], "radius": [56.8776, 4]}, "1yg6": {"pdb_id": "1yg6", "atom_number": 21540, "center": [[47.4345, 51.1225, 51.1225], 4], "radius": [70.8212, 4]}, "1f1b": {"pdb_id": "1f1b", "atom_number": 8274, "center": [[49.2915, 49.977, 49.977], 4], "radius": [72.0684, 4]}, "1bxn": {"pdb_id": "1bxn", "atom_number": 18144, "center": [[5.9055, 107.7655, 107.7655], 4], "radius": [72.9518, 4]}, "2byu": {"pdb_id": "2byu", "atom_number": 9648, "center": [[0.0, 0.0, 0.0], 4], "radius": [55.1545, 4]}, "6t3e": {"pdb_id": "6t3e", "atom_number": 5086, "center": [[19.976, -0.128, -0.128], 4], "radius": [50.5839, 4]}, "3gl1": {"pdb_id": "3gl1", "atom_number": 6540, "center": [[22.17, 26.362, 26.362], 4], "radius": [82.7969, 4]}, "2ldb": {"pdb_id": "2ldb", "atom_number": 9650, "center": [[0.0, 0.0, 0.0], 4], "radius": [50.5858, 4]}, "3hhb": {"pdb_id": "3hhb", "atom_number": 4612, "center": [[0.0, -0.4985, -0.4985], 4], "radius": [35.35, 4]}, "2qes": {"pdb_id": "2qes", "atom_number": 2650, "center": [[13.879, 22.588, 22.588], 4], "radius": [38.1227, 4]}, "4d4r": {"pdb_id": "4d4r", "atom_number": 4537, "center": [[-16.0235, 23.4895, 23.4895], 4], "radius": [59.9767, 4]}}, "optimal_result": {"sum": 227.54934263328084, "grad": 16.149241258824986, "x": [1750.0091900626915, 1669.3809286484316, 1679.7847111615242, 1664.9654988632744, 1695.0723924986864], "y": [2244.382527441495, 2177.7684193213227, 2101.911440147616, 2105.4892576843563, 2207.2613663411457], "z": [1563.7818310538992, 1820.7717285887159, 1631.9486298266088, 1904.9138747018083, 1703.2891393408045], "initialization": [[2192.6167537112924, 1485.4685553114966, 1636.049466324816, 1463.93981270681, 1440.2664248327887], [2815.107839466033, 2089.6052884977466, 1707.6315977286604, 1702.644942757426, 2636.885772238871], [334.4294947806573, 2469.578014452003, 1292.8178709329222, 2924.622034094232, 1556.5032456471554]], "pdb_id": ["2h12", "2ldb", "2byu", "4d4r", "1bxn"], "box_size": 3000, "initmap_rotate_angle": [[1.9804804215568876, 0.9983638249590098, 0.5181148451361546], [2.306589708322971, 0.9842873982549067, 0.20806625995878356], [3.0630078941433263, 0.6513242102832341, -0.3861675778309867], [2.3008517386458864, 1.6154852604182663, 0.8558016148677954], [2.162682765666441, 1.3355045160126107, 0.296741034998592]], "packmap_rotate_angle": [[2.613414771007854, 1.6492516148786576, 0.6665171912901304], [2.1895853193830046, 1.6313449542858334, 0.8352686363857181], [-2.7913471152497116, 0.8858919983754943, -1.3557828542568422], [2.3201333047813373, 1.1757462739254783, 0.5474407708383071], [-2.2409613449983192, 0.5388519206918618, -1.7559387725805322]]}}