{"general_info": {"target": "2h12", "random_protein_number": 4, "iteration": 5001, "step": 1, "box_size": 3000}, "boundary_shpere": {"2i3v": {"pdb_id": "2i3v", "atom_number": 8367, "center": [[24.8585, 53.5255, 53.5255], 4], "radius": [72.1328, 4]}, "4wjk": {"pdb_id": "4wjk", "atom_number": 14326, "center": [[-17.958, -6.212, -6.212], 4], "radius": [98.9989, 4]}, "2h12": {"pdb_id": "2h12", "atom_number": 23521, "center": [[38.3515, -23.6085, -23.6085], 4], "radius": [80.9821, 4]}, "2z04": {"pdb_id": "2z04", "atom_number": 5205, "center": [[0.912, -2.371, -2.371], 4], "radius": [56.8776, 4]}, "1yg6": {"pdb_id": "1yg6", "atom_number": 21540, "center": [[47.4345, 51.1225, 51.1225], 4], "radius": [70.8212, 4]}, "1f1b": {"pdb_id": "1f1b", "atom_number": 8274, "center": [[49.2915, 49.977, 49.977], 4], "radius": [72.0684, 4]}, "1bxn": {"pdb_id": "1bxn", "atom_number": 18144, "center": [[5.9055, 107.7655, 107.7655], 4], "radius": [72.9518, 4]}, "2byu": {"pdb_id": "2byu", "atom_number": 9648, "center": [[0.0, 0.0, 0.0], 4], "radius": [55.1545, 4]}, "6t3e": {"pdb_id": "6t3e", "atom_number": 5086, "center": [[19.976, -0.128, -0.128], 4], "radius": [50.5839, 4]}, "3gl1": {"pdb_id": "3gl1", "atom_number": 6540, "center": [[22.17, 26.362, 26.362], 4], "radius": [82.7969, 4]}, "2ldb": {"pdb_id": "2ldb", "atom_number": 9650, "center": [[0.0, 0.0, 0.0], 4], "radius": [50.5858, 4]}, "3hhb": {"pdb_id": "3hhb", "atom_number": 4612, "center": [[0.0, -0.4985, -0.4985], 4], "radius": [35.35, 4]}, "2qes": {"pdb_id": "2qes", "atom_number": 2650, "center": [[13.879, 22.588, 22.588], 4], "radius": [38.1227, 4]}, "4d4r": {"pdb_id": "4d4r", "atom_number": 4537, "center": [[-16.0235, 23.4895, 23.4895], 4], "radius": [59.9767, 4]}}, "optimal_result": {"sum": 168.47441040752918, "grad": -54.29993360735534, "x": [1613.444643752683, 1687.0105817050999, 1813.0375474624411, 1696.7011373759763, 1688.9734941722113], "y": [1872.588830534421, 1685.2043034431758, 1738.4907282840252, 1613.5201385846015, 1740.2891171256526], "z": [1834.7686901271597, 1970.7891385468015, 1882.5354550347747, 1818.4524839785458, 1838.888868955137], "initialization": [[994.3046424040369, 1608.461054923165, 2676.9825219880768, 1792.5330193554337, 1564.32790643794], [2941.543207527303, 1488.7726760314729, 1772.7979016455508, 544.1513804990038, 1587.3654498087658], [1646.7011616931568, 2702.3174580267882, 2160.730222815273, 1546.658455275642, 1110.029891270709]], "pdb_id": ["2h12", "2i3v", "4d4r", "2z04", "1yg6"], "box_size": 3000, "initmap_rotate_angle": [[-2.5265894645839593, 1.0180422377929679, -2.2333672855657296], [2.2963120806053166, 1.613838593732864, 0.4520093301788153], [2.7855159454064404, 0.5047976179723431, -0.05537192850994956], [2.1857626651326996, 1.6800033496969984, 0.9268348407966106], [2.527578913752165, 1.292743968337103, 0.4513260470398802]], "packmap_rotate_angle": [[-2.3764325648689275, 0.7475433310547821, -1.4272544556801405], [-2.9397468245932985, 0.7621172158709452, -1.053994218435823], [-2.273353520986129, 0.9729442771099559, -2.3487902306538277], [2.3560751297588096, 0.7132370991515369, 0.7095713728656937], [-2.325640794300991, 0.5721917481361762, -1.726139077081058]]}}