{"general_info": {"target": "2ldb", "random_protein_number": 4, "iteration": 5001, "step": 1, "box_size": 3000}, "boundary_shpere": {"2i3v": {"pdb_id": "2i3v", "atom_number": 8367, "center": [[24.8585, 53.5255, 53.5255], 4], "radius": [72.1328, 4]}, "4wjk": {"pdb_id": "4wjk", "atom_number": 14326, "center": [[-17.958, -6.212, -6.212], 4], "radius": [98.9989, 4]}, "2h12": {"pdb_id": "2h12", "atom_number": 23521, "center": [[38.3515, -23.6085, -23.6085], 4], "radius": [80.9821, 4]}, "2z04": {"pdb_id": "2z04", "atom_number": 5205, "center": [[0.912, -2.371, -2.371], 4], "radius": [56.8776, 4]}, "1yg6": {"pdb_id": "1yg6", "atom_number": 21540, "center": [[47.4345, 51.1225, 51.1225], 4], "radius": [70.8212, 4]}, "1f1b": {"pdb_id": "1f1b", "atom_number": 8274, "center": [[49.2915, 49.977, 49.977], 4], "radius": [72.0684, 4]}, "1bxn": {"pdb_id": "1bxn", "atom_number": 18144, "center": [[5.9055, 107.7655, 107.7655], 4], "radius": [72.9518, 4]}, "2byu": {"pdb_id": "2byu", "atom_number": 9648, "center": [[0.0, 0.0, 0.0], 4], "radius": [55.1545, 4]}, "6t3e": {"pdb_id": "6t3e", "atom_number": 5086, "center": [[19.976, -0.128, -0.128], 4], "radius": [50.5839, 4]}, "3gl1": {"pdb_id": "3gl1", "atom_number": 6540, "center": [[22.17, 26.362, 26.362], 4], "radius": [82.7969, 4]}, "2ldb": {"pdb_id": "2ldb", "atom_number": 9650, "center": [[0.0, 0.0, 0.0], 4], "radius": [50.5858, 4]}, "3hhb": {"pdb_id": "3hhb", "atom_number": 4612, "center": [[0.0, -0.4985, -0.4985], 4], "radius": [35.35, 4]}, "2qes": {"pdb_id": "2qes", "atom_number": 2650, "center": [[13.879, 22.588, 22.588], 4], "radius": [38.1227, 4]}, "4d4r": {"pdb_id": "4d4r", "atom_number": 4537, "center": [[-16.0235, 23.4895, 23.4895], 4], "radius": [59.9767, 4]}}, "optimal_result": {"sum": 139.26589032832, "grad": -3.4071762736593882, "x": [1121.6606845413671, 1261.3181071488723, 1086.1259380038628, 1035.4930447970014, 1125.297649554361], "y": [1509.8520483003697, 1558.9099422173497, 1662.6412375534705, 1714.2954678686797, 1592.7478767209411], "z": [1633.84747406287, 1801.9692825400255, 1820.880310033967, 1806.7813483276202, 1736.4988963291055], "initialization": [[1133.9534293806232, 2646.6084708574217, 465.8374821656263, 39.56633310946322, 1006.8140698444809], [334.6787908128852, 964.9990739347102, 2351.6068613891753, 2894.461825854894, 2677.887485848147], [275.2799073028639, 2264.505975939808, 2902.1569594758216, 2477.8572102001485, 1219.9903751686336]], "pdb_id": ["2ldb", "1bxn", "3hhb", "2qes", "2h12"], "box_size": 3000, "initmap_rotate_angle": [[-2.810735761064203, 0.770960550441222, -1.2753550155405176], [-2.253180847682851, 0.9053983925786806, -2.1485584697668783], [2.116629772886342, 1.17775352790024, 0.9526177507298366], [2.4592729438327106, 0.8741626169432134, -0.04259631744882382], [2.396824308118704, 1.070322456581113, 0.0014572972055718813]], "packmap_rotate_angle": [[2.687947384692921, 0.9840319890671629, -0.1628237095692179], [-2.468755346743548, 1.2425016641371958, -1.7370447060202865], [2.6143775751106317, 0.842252501258252, 0.04109502485097087], [2.242446140877761, 1.074638686756437, -0.023343689259910896], [-2.3986309425379546, 1.3049487437951477, -1.7072198037630977]]}}