{"general_info": {"target": "2ldb", "random_protein_number": 4, "iteration": 5001, "step": 1, "box_size": 3000}, "boundary_shpere": {"2i3v": {"pdb_id": "2i3v", "atom_number": 8367, "center": [[24.8585, 53.5255, 53.5255], 4], "radius": [72.1328, 4]}, "4wjk": {"pdb_id": "4wjk", "atom_number": 14326, "center": [[-17.958, -6.212, -6.212], 4], "radius": [98.9989, 4]}, "2h12": {"pdb_id": "2h12", "atom_number": 23521, "center": [[38.3515, -23.6085, -23.6085], 4], "radius": [80.9821, 4]}, "2z04": {"pdb_id": "2z04", "atom_number": 5205, "center": [[0.912, -2.371, -2.371], 4], "radius": [56.8776, 4]}, "1yg6": {"pdb_id": "1yg6", "atom_number": 21540, "center": [[47.4345, 51.1225, 51.1225], 4], "radius": [70.8212, 4]}, "1f1b": {"pdb_id": "1f1b", "atom_number": 8274, "center": [[49.2915, 49.977, 49.977], 4], "radius": [72.0684, 4]}, "1bxn": {"pdb_id": "1bxn", "atom_number": 18144, "center": [[5.9055, 107.7655, 107.7655], 4], "radius": [72.9518, 4]}, "2byu": {"pdb_id": "2byu", "atom_number": 9648, "center": [[0.0, 0.0, 0.0], 4], "radius": [55.1545, 4]}, "6t3e": {"pdb_id": "6t3e", "atom_number": 5086, "center": [[19.976, -0.128, -0.128], 4], "radius": [50.5839, 4]}, "3gl1": {"pdb_id": "3gl1", "atom_number": 6540, "center": [[22.17, 26.362, 26.362], 4], "radius": [82.7969, 4]}, "2ldb": {"pdb_id": "2ldb", "atom_number": 9650, "center": [[0.0, 0.0, 0.0], 4], "radius": [50.5858, 4]}, "3hhb": {"pdb_id": "3hhb", "atom_number": 4612, "center": [[0.0, -0.4985, -0.4985], 4], "radius": [35.35, 4]}, "2qes": {"pdb_id": "2qes", "atom_number": 2650, "center": [[13.879, 22.588, 22.588], 4], "radius": [38.1227, 4]}, "4d4r": {"pdb_id": "4d4r", "atom_number": 4537, "center": [[-16.0235, 23.4895, 23.4895], 4], "radius": [59.9767, 4]}}, "optimal_result": {"sum": 545.6147440986292, "grad": 102.73633228514882, "x": [2164.459381782747, 2229.636246447827, 2162.2484327252823, 2088.9523671035986, 2187.008190086151], "y": [1611.5311713874926, 1703.6884382770331, 1614.8694815970712, 1610.6222765442012, 1516.946051392766], "z": [1797.4449394729402, 1857.6966376416908, 1931.2596265995116, 1667.4652606515585, 1750.4782271678453], "initialization": [[2133.1380635294145, 2518.032118611669, 2185.368823256524, 1126.4317665217566, 2943.989603070997], [2107.062469195388, 2290.1447569519028, 1840.9825274459938, 1872.790377535819, 182.82860139681011], [1059.0350053060768, 2518.4250017904737, 2829.7028352653283, 324.00306429594525, 1913.5094071620315]], "pdb_id": ["2ldb", "2ldb", "3gl1", "4wjk", "2z04"], "box_size": 3000, "initmap_rotate_angle": [[-2.6555283807249825, 0.8118460416282893, -1.4703039730051752], [2.126134770321548, 1.1934248253366837, 0.717582272484465], [-3.042259531667895, 0.5662106710548451, -0.6479554255241833], [2.2449691203370166, 1.3448145297808973, 0.1859688126129454], [2.7234662463378942, 0.6524082859710638, -0.14202205196437967]], "packmap_rotate_angle": [[2.0364938946853934, 0.6006379745410204, 0.19248151806518599], [2.1582516198111996, 0.9160798773107224, 0.3614641006462117], [-2.529122326132519, 1.4155914622243724, -1.6464000818127755], [-2.18537698544341, 1.5567553988342224, -2.1597174544664246], [2.3911116140991666, 1.4705843854678502, 0.2445925760758804]]}}