{"general_info": {"target": "2ldb", "random_protein_number": 4, "iteration": 5001, "step": 1, "box_size": 3000}, "boundary_shpere": {"2i3v": {"pdb_id": "2i3v", "atom_number": 8367, "center": [[24.8585, 53.5255, 53.5255], 4], "radius": [72.1328, 4]}, "4wjk": {"pdb_id": "4wjk", "atom_number": 14326, "center": [[-17.958, -6.212, -6.212], 4], "radius": [98.9989, 4]}, "2h12": {"pdb_id": "2h12", "atom_number": 23521, "center": [[38.3515, -23.6085, -23.6085], 4], "radius": [80.9821, 4]}, "2z04": {"pdb_id": "2z04", "atom_number": 5205, "center": [[0.912, -2.371, -2.371], 4], "radius": [56.8776, 4]}, "1yg6": {"pdb_id": "1yg6", "atom_number": 21540, "center": [[47.4345, 51.1225, 51.1225], 4], "radius": [70.8212, 4]}, "1f1b": {"pdb_id": "1f1b", "atom_number": 8274, "center": [[49.2915, 49.977, 49.977], 4], "radius": [72.0684, 4]}, "1bxn": {"pdb_id": "1bxn", "atom_number": 18144, "center": [[5.9055, 107.7655, 107.7655], 4], "radius": [72.9518, 4]}, "2byu": {"pdb_id": "2byu", "atom_number": 9648, "center": [[0.0, 0.0, 0.0], 4], "radius": [55.1545, 4]}, "6t3e": {"pdb_id": "6t3e", "atom_number": 5086, "center": [[19.976, -0.128, -0.128], 4], "radius": [50.5839, 4]}, "3gl1": {"pdb_id": "3gl1", "atom_number": 6540, "center": [[22.17, 26.362, 26.362], 4], "radius": [82.7969, 4]}, "2ldb": {"pdb_id": "2ldb", "atom_number": 9650, "center": [[0.0, 0.0, 0.0], 4], "radius": [50.5858, 4]}, "3hhb": {"pdb_id": "3hhb", "atom_number": 4612, "center": [[0.0, -0.4985, -0.4985], 4], "radius": [35.35, 4]}, "2qes": {"pdb_id": "2qes", "atom_number": 2650, "center": [[13.879, 22.588, 22.588], 4], "radius": [38.1227, 4]}, "4d4r": {"pdb_id": "4d4r", "atom_number": 4537, "center": [[-16.0235, 23.4895, 23.4895], 4], "radius": [59.9767, 4]}}, "optimal_result": {"sum": 273.0001500732229, "grad": -58.316005703934934, "x": [1587.3887839486424, 1698.6120307748497, 1489.069344787163, 1517.0532251472684, 1558.4518447384971], "y": [1898.7092105064587, 1915.8146796286562, 1656.7327103033435, 1884.0493717574275, 1782.8311103836998], "z": [1468.9650042439068, 1519.45071148259, 1582.9458433043808, 1397.3445162781964, 1528.370958439467], "initialization": [[1635.1045299545656, 2783.6984185815186, 853.4227093063337, 966.1569634017627, 2289.371714848979], [2752.6653633177007, 2695.0154006781495, 332.9766075564244, 2355.4393348503986, 2392.4789680973863], [1078.4012269375753, 1639.118986007108, 2212.9946717515727, 432.929406740427, 1680.890342533803]], "pdb_id": ["2ldb", "2i3v", "1yg6", "2ldb", "3gl1"], "box_size": 3000, "initmap_rotate_angle": [[-2.2406351801880944, 1.3053994608793016, -2.5504516483017956], [2.5761920277225943, 1.164252148364344, -0.0205786558639092], [2.243085682647588, 1.2205096477283883, 0.8866934879256806], [2.0853640460189906, 2.0675562272238057, 1.0000323728785494], [-2.379406729315266, 1.4466274930014236, -2.4487968128498894]], "packmap_rotate_angle": [[-2.6137274833774016, 0.5468570108544294, -1.3637143193565273], [2.460331729787657, 1.1306496800125019, 0.05263068888064307], [-2.202270990023841, 0.5810841579171082, -1.535643633625575], [2.5573720226070207, 1.051599434970066, 0.025318457833066094], [2.495936389771401, 0.7110941992465198, 0.146397560884272]]}}