{"general_info": {"target": "2ldb", "random_protein_number": 4, "iteration": 5001, "step": 1, "box_size": 3000}, "boundary_shpere": {"2i3v": {"pdb_id": "2i3v", "atom_number": 8367, "center": [[24.8585, 53.5255, 53.5255], 4], "radius": [72.1328, 4]}, "4wjk": {"pdb_id": "4wjk", "atom_number": 14326, "center": [[-17.958, -6.212, -6.212], 4], "radius": [98.9989, 4]}, "2h12": {"pdb_id": "2h12", "atom_number": 23521, "center": [[38.3515, -23.6085, -23.6085], 4], "radius": [80.9821, 4]}, "2z04": {"pdb_id": "2z04", "atom_number": 5205, "center": [[0.912, -2.371, -2.371], 4], "radius": [56.8776, 4]}, "1yg6": {"pdb_id": "1yg6", "atom_number": 21540, "center": [[47.4345, 51.1225, 51.1225], 4], "radius": [70.8212, 4]}, "1f1b": {"pdb_id": "1f1b", "atom_number": 8274, "center": [[49.2915, 49.977, 49.977], 4], "radius": [72.0684, 4]}, "1bxn": {"pdb_id": "1bxn", "atom_number": 18144, "center": [[5.9055, 107.7655, 107.7655], 4], "radius": [72.9518, 4]}, "2byu": {"pdb_id": "2byu", "atom_number": 9648, "center": [[0.0, 0.0, 0.0], 4], "radius": [55.1545, 4]}, "6t3e": {"pdb_id": "6t3e", "atom_number": 5086, "center": [[19.976, -0.128, -0.128], 4], "radius": [50.5839, 4]}, "3gl1": {"pdb_id": "3gl1", "atom_number": 6540, "center": [[22.17, 26.362, 26.362], 4], "radius": [82.7969, 4]}, "2ldb": {"pdb_id": "2ldb", "atom_number": 9650, "center": [[0.0, 0.0, 0.0], 4], "radius": [50.5858, 4]}, "3hhb": {"pdb_id": "3hhb", "atom_number": 4612, "center": [[0.0, -0.4985, -0.4985], 4], "radius": [35.35, 4]}, "2qes": {"pdb_id": "2qes", "atom_number": 2650, "center": [[13.879, 22.588, 22.588], 4], "radius": [38.1227, 4]}, "4d4r": {"pdb_id": "4d4r", "atom_number": 4537, "center": [[-16.0235, 23.4895, 23.4895], 4], "radius": [59.9767, 4]}}, "optimal_result": {"sum": 169.90411106091415, "grad": 106.62550159020793, "x": [880.4993799809448, 915.2325236535725, 901.9591555240601, 1100.4462440661928, 976.1907012037445], "y": [1916.4098407980753, 1720.2487051284338, 1920.931710838798, 1738.615672253769, 1821.3205460374325], "z": [874.9649628390229, 744.1241586352055, 690.8137782552931, 797.3388944102353, 809.7678843082831], "initialization": [[190.39548547034124, 587.0599562135972, 469.4950056477415, 2189.9215559971117, 1102.9932460782181], [2627.924914044267, 782.7151183403321, 2526.7209469348923, 1019.7347233086657, 2733.3743198878524], [1644.4700827085096, 474.5238016777238, 12.625194811298869, 912.6714039955253, 400.77456999392524]], "pdb_id": ["2ldb", "3hhb", "1bxn", "2ldb", "4wjk"], "box_size": 3000, "initmap_rotate_angle": [[2.97285221676768, 0.49517384137207415, -0.6063076513552804], [2.668847447543966, 0.9366393568326814, 0.11292307191297984], [2.370021069182677, 0.9032896476883274, 0.34616452321019986], [2.7237562154630086, 1.1908319599333939, -0.34127768099235717], [2.7020862180897205, 0.6375818346561576, -0.20845528720687245]], "packmap_rotate_angle": [[-2.978173846845068, 0.7377896729826116, -1.2024653920035906], [2.5008858379317167, 1.29245788599235, -0.000526612771519783], [2.7307387378618744, 0.5672064520212585, -0.5827813354618743], [-2.828416041266895, 0.8391507566626445, -0.9363049729351144], [2.8039663118657447, 0.46699855510277183, -0.3379289700761484]]}}