{"general_info": {"target": "2ldb", "random_protein_number": 4, "iteration": 5001, "step": 1, "box_size": 3000}, "boundary_shpere": {"2i3v": {"pdb_id": "2i3v", "atom_number": 8367, "center": [[24.8585, 53.5255, 53.5255], 4], "radius": [72.1328, 4]}, "4wjk": {"pdb_id": "4wjk", "atom_number": 14326, "center": [[-17.958, -6.212, -6.212], 4], "radius": [98.9989, 4]}, "2h12": {"pdb_id": "2h12", "atom_number": 23521, "center": [[38.3515, -23.6085, -23.6085], 4], "radius": [80.9821, 4]}, "2z04": {"pdb_id": "2z04", "atom_number": 5205, "center": [[0.912, -2.371, -2.371], 4], "radius": [56.8776, 4]}, "1yg6": {"pdb_id": "1yg6", "atom_number": 21540, "center": [[47.4345, 51.1225, 51.1225], 4], "radius": [70.8212, 4]}, "1f1b": {"pdb_id": "1f1b", "atom_number": 8274, "center": [[49.2915, 49.977, 49.977], 4], "radius": [72.0684, 4]}, "1bxn": {"pdb_id": "1bxn", "atom_number": 18144, "center": [[5.9055, 107.7655, 107.7655], 4], "radius": [72.9518, 4]}, "2byu": {"pdb_id": "2byu", "atom_number": 9648, "center": [[0.0, 0.0, 0.0], 4], "radius": [55.1545, 4]}, "6t3e": {"pdb_id": "6t3e", "atom_number": 5086, "center": [[19.976, -0.128, -0.128], 4], "radius": [50.5839, 4]}, "3gl1": {"pdb_id": "3gl1", "atom_number": 6540, "center": [[22.17, 26.362, 26.362], 4], "radius": [82.7969, 4]}, "2ldb": {"pdb_id": "2ldb", "atom_number": 9650, "center": [[0.0, 0.0, 0.0], 4], "radius": [50.5858, 4]}, "3hhb": {"pdb_id": "3hhb", "atom_number": 4612, "center": [[0.0, -0.4985, -0.4985], 4], "radius": [35.35, 4]}, "2qes": {"pdb_id": "2qes", "atom_number": 2650, "center": [[13.879, 22.588, 22.588], 4], "radius": [38.1227, 4]}, "4d4r": {"pdb_id": "4d4r", "atom_number": 4537, "center": [[-16.0235, 23.4895, 23.4895], 4], "radius": [59.9767, 4]}}, "optimal_result": {"sum": 225.3796880924835, "grad": -199.83587933198942, "x": [1759.6035920518286, 1679.2053915810618, 1870.118519364337, 1841.7172028760233, 1737.7022066353154], "y": [1293.1351557953599, 1338.865640386669, 1219.4446282745487, 1291.1521598117808, 1308.0236207562727], "z": [1536.0963871652416, 1726.1516051840974, 1637.735313619344, 1716.548705772198, 1640.7821362751424], "initialization": [[1707.3109255198387, 630.860289801183, 2720.2031794189948, 2459.477104826029, 2382.010473207891], [1279.5493288154876, 1885.2929241690595, 638.2140820587022, 1401.067098290139, 565.9884703417731], [114.0223077793895, 2627.959699763265, 1636.9295059808378, 2517.190075629179, 1364.1294284229975]], "pdb_id": ["2ldb", "2ldb", "2qes", "2i3v", "2z04"], "box_size": 3000, "initmap_rotate_angle": [[2.414986075356798, 1.5177484776907133, 0.594017465736923], [3.097439069724852, 0.8825110237944417, -0.629783090451022], [-2.1965695721373883, 0.8744541081819737, -1.7630122153117882], [2.2769192874915314, 1.6855486753150017, 0.7334146235699416], [-2.1001100220325664, 1.762547993880071, -2.3921153456362862]], "packmap_rotate_angle": [[2.1751496666039496, 1.8007516637539944, 0.8975560630247769], [-2.848931588142289, 0.523558649763426, -0.8285533362326849], [2.221323056551384, 1.0950645462430955, 0.7554469913163506], [2.3320163656060333, 1.1733706991279578, 0.7245599496459029], [-2.1154751021067186, 0.9700078249341396, -1.6467395007164929]]}}