{"general_info": {"target": "3gl1", "random_protein_number": 4, "iteration": 5001, "step": 1, "box_size": 3000}, "boundary_shpere": {"2i3v": {"pdb_id": "2i3v", "atom_number": 8367, "center": [[24.8585, 53.5255, 53.5255], 4], "radius": [72.1328, 4]}, "4wjk": {"pdb_id": "4wjk", "atom_number": 14326, "center": [[-17.958, -6.212, -6.212], 4], "radius": [98.9989, 4]}, "2h12": {"pdb_id": "2h12", "atom_number": 23521, "center": [[38.3515, -23.6085, -23.6085], 4], "radius": [80.9821, 4]}, "2z04": {"pdb_id": "2z04", "atom_number": 5205, "center": [[0.912, -2.371, -2.371], 4], "radius": [56.8776, 4]}, "1yg6": {"pdb_id": "1yg6", "atom_number": 21540, "center": [[47.4345, 51.1225, 51.1225], 4], "radius": [70.8212, 4]}, "1f1b": {"pdb_id": "1f1b", "atom_number": 8274, "center": [[49.2915, 49.977, 49.977], 4], "radius": [72.0684, 4]}, "1bxn": {"pdb_id": "1bxn", "atom_number": 18144, "center": [[5.9055, 107.7655, 107.7655], 4], "radius": [72.9518, 4]}, "2byu": {"pdb_id": "2byu", "atom_number": 9648, "center": [[0.0, 0.0, 0.0], 4], "radius": [55.1545, 4]}, "6t3e": {"pdb_id": "6t3e", "atom_number": 5086, "center": [[19.976, -0.128, -0.128], 4], "radius": [50.5839, 4]}, "3gl1": {"pdb_id": "3gl1", "atom_number": 6540, "center": [[22.17, 26.362, 26.362], 4], "radius": [82.7969, 4]}, "2ldb": {"pdb_id": "2ldb", "atom_number": 9650, "center": [[0.0, 0.0, 0.0], 4], "radius": [50.5858, 4]}, "3hhb": {"pdb_id": "3hhb", "atom_number": 4612, "center": [[0.0, -0.4985, -0.4985], 4], "radius": [35.35, 4]}, "2qes": {"pdb_id": "2qes", "atom_number": 2650, "center": [[13.879, 22.588, 22.588], 4], "radius": [38.1227, 4]}, "4d4r": {"pdb_id": "4d4r", "atom_number": 4537, "center": [[-16.0235, 23.4895, 23.4895], 4], "radius": [59.9767, 4]}}, "optimal_result": {"sum": 369.16349918241787, "grad": -10.501188552355416, "x": [1074.5264573460097, 980.6857419056869, 1063.9417169908631, 991.1252410193753, 1024.944492177395], "y": [1402.2019133859599, 1504.1488842142905, 1724.3068903678782, 1610.562212093812, 1482.3782934661242], "z": [1344.116803230174, 1601.0165540116045, 1363.4295224343575, 1359.3329515039904, 1466.3515406457461], "initialization": [[1512.961655748732, 615.8062736166123, 1306.8963175672689, 847.8110037715768, 627.1883298355341], [450.6829097275661, 1259.5885187813612, 2543.3576862084233, 2283.789482372924, 1517.3902020078044], [459.5745507093425, 2999.1626218781253, 923.463337037434, 601.3173378855114, 2368.8506194126808]], "pdb_id": ["3gl1", "2i3v", "3hhb", "4wjk", "1yg6"], "box_size": 3000, "initmap_rotate_angle": [[2.4816032720413763, 1.044072096338286, 0.21637326709233895], [2.178964045553821, 1.4918950293553923, 0.5049405512984099], [-2.6365576552813965, 0.9384863892969044, -1.6439016602279688], [2.5212364738740973, 0.6812325181776335, -0.14155620873186506], [-2.3063282843773334, 1.4422755231167401, -2.119532304847446]], "packmap_rotate_angle": [[-1.987194537674628, 1.7759716954876659, -2.3524354533551852], [-2.7921021860969106, 0.8648109036684202, -1.098639628257182], [2.3042578575794876, 1.326692776436566, 0.6949734609090753], [2.067503388662962, 2.150587516216638, 1.3639994351454985], [-2.4001762623106546, 0.8645974237308424, -1.6896319202970689]]}}