{"general_info": {"target": "3gl1", "random_protein_number": 4, "iteration": 5001, "step": 1, "box_size": 3000}, "boundary_shpere": {"2i3v": {"pdb_id": "2i3v", "atom_number": 8367, "center": [[24.8585, 53.5255, 53.5255], 4], "radius": [72.1328, 4]}, "4wjk": {"pdb_id": "4wjk", "atom_number": 14326, "center": [[-17.958, -6.212, -6.212], 4], "radius": [98.9989, 4]}, "2h12": {"pdb_id": "2h12", "atom_number": 23521, "center": [[38.3515, -23.6085, -23.6085], 4], "radius": [80.9821, 4]}, "2z04": {"pdb_id": "2z04", "atom_number": 5205, "center": [[0.912, -2.371, -2.371], 4], "radius": [56.8776, 4]}, "1yg6": {"pdb_id": "1yg6", "atom_number": 21540, "center": [[47.4345, 51.1225, 51.1225], 4], "radius": [70.8212, 4]}, "1f1b": {"pdb_id": "1f1b", "atom_number": 8274, "center": [[49.2915, 49.977, 49.977], 4], "radius": [72.0684, 4]}, "1bxn": {"pdb_id": "1bxn", "atom_number": 18144, "center": [[5.9055, 107.7655, 107.7655], 4], "radius": [72.9518, 4]}, "2byu": {"pdb_id": "2byu", "atom_number": 9648, "center": [[0.0, 0.0, 0.0], 4], "radius": [55.1545, 4]}, "6t3e": {"pdb_id": "6t3e", "atom_number": 5086, "center": [[19.976, -0.128, -0.128], 4], "radius": [50.5839, 4]}, "3gl1": {"pdb_id": "3gl1", "atom_number": 6540, "center": [[22.17, 26.362, 26.362], 4], "radius": [82.7969, 4]}, "2ldb": {"pdb_id": "2ldb", "atom_number": 9650, "center": [[0.0, 0.0, 0.0], 4], "radius": [50.5858, 4]}, "3hhb": {"pdb_id": "3hhb", "atom_number": 4612, "center": [[0.0, -0.4985, -0.4985], 4], "radius": [35.35, 4]}, "2qes": {"pdb_id": "2qes", "atom_number": 2650, "center": [[13.879, 22.588, 22.588], 4], "radius": [38.1227, 4]}, "4d4r": {"pdb_id": "4d4r", "atom_number": 4537, "center": [[-16.0235, 23.4895, 23.4895], 4], "radius": [59.9767, 4]}}, "optimal_result": {"sum": 229.94752658271017, "grad": -54.2914546803986, "x": [969.7749581773814, 1043.4112567886625, 1140.768641175075, 1208.5792775855512, 1077.0606697615679], "y": [1001.1396100681112, 753.6904944734162, 805.8525286677623, 805.2055068716048, 896.4781079275724], "z": [1955.1562569554278, 1864.2195571203742, 1927.1779841314044, 1862.2961475259115, 1911.9516278969013], "initialization": [[104.9723296092091, 571.5554425422838, 1706.031289020762, 2258.5190887295, 597.5143706923589], [2082.685086299721, 286.05694999101183, 92.44792528983281, 274.4243784866618, 768.4252570650377], [2320.1108715420837, 1569.0975758847364, 2135.373007585275, 1471.5063926271685, 1884.740669533639]], "pdb_id": ["3gl1", "2h12", "2qes", "2byu", "1bxn"], "box_size": 3000, "initmap_rotate_angle": [[2.1526477977091627, 1.491580597985678, 1.1195102888164654], [-2.7106299816086428, 1.0892180991147766, -1.3383747948241338], [1.924239885530169, 1.4258333884083052, 0.9799950787207796], [2.135842511091139, 1.7048525442634708, 1.0017076179084174], [-3.0022919520917983, 0.6691310820974041, -0.5458009457558708]], "packmap_rotate_angle": [[-2.6860307960176297, 0.9931169428201967, -1.4149793998562619], [2.657577411090823, 1.373985342706925, 0.30301200546640694], [-0.9783549290401522, 1.3395998602085208, 0.3115497767905663], [2.237353187914447, 1.4982138980515627, 0.6023391561158794], [-2.7521249060583886, 0.5364737295636252, -1.364299081524614]]}}