{"general_info": {"target": "3gl1", "random_protein_number": 4, "iteration": 5001, "step": 1, "box_size": 3000}, "boundary_shpere": {"2i3v": {"pdb_id": "2i3v", "atom_number": 8367, "center": [[24.8585, 53.5255, 53.5255], 4], "radius": [72.1328, 4]}, "4wjk": {"pdb_id": "4wjk", "atom_number": 14326, "center": [[-17.958, -6.212, -6.212], 4], "radius": [98.9989, 4]}, "2h12": {"pdb_id": "2h12", "atom_number": 23521, "center": [[38.3515, -23.6085, -23.6085], 4], "radius": [80.9821, 4]}, "2z04": {"pdb_id": "2z04", "atom_number": 5205, "center": [[0.912, -2.371, -2.371], 4], "radius": [56.8776, 4]}, "1yg6": {"pdb_id": "1yg6", "atom_number": 21540, "center": [[47.4345, 51.1225, 51.1225], 4], "radius": [70.8212, 4]}, "1f1b": {"pdb_id": "1f1b", "atom_number": 8274, "center": [[49.2915, 49.977, 49.977], 4], "radius": [72.0684, 4]}, "1bxn": {"pdb_id": "1bxn", "atom_number": 18144, "center": [[5.9055, 107.7655, 107.7655], 4], "radius": [72.9518, 4]}, "2byu": {"pdb_id": "2byu", "atom_number": 9648, "center": [[0.0, 0.0, 0.0], 4], "radius": [55.1545, 4]}, "6t3e": {"pdb_id": "6t3e", "atom_number": 5086, "center": [[19.976, -0.128, -0.128], 4], "radius": [50.5839, 4]}, "3gl1": {"pdb_id": "3gl1", "atom_number": 6540, "center": [[22.17, 26.362, 26.362], 4], "radius": [82.7969, 4]}, "2ldb": {"pdb_id": "2ldb", "atom_number": 9650, "center": [[0.0, 0.0, 0.0], 4], "radius": [50.5858, 4]}, "3hhb": {"pdb_id": "3hhb", "atom_number": 4612, "center": [[0.0, -0.4985, -0.4985], 4], "radius": [35.35, 4]}, "2qes": {"pdb_id": "2qes", "atom_number": 2650, "center": [[13.879, 22.588, 22.588], 4], "radius": [38.1227, 4]}, "4d4r": {"pdb_id": "4d4r", "atom_number": 4537, "center": [[-16.0235, 23.4895, 23.4895], 4], "radius": [59.9767, 4]}}, "optimal_result": {"sum": 47.04389900921879, "grad": -0.20817172693750763, "x": [1339.7330042002118, 1415.0057582851296, 1335.0994844386923, 1484.837856523813, 1393.6169829302276], "y": [643.6658487492917, 765.6691579370878, 638.3800400127473, 647.8295115462881, 662.1493640491932], "z": [1563.3526987624848, 1412.3137467440904, 1341.1987729757573, 1425.7412374030362, 1434.899337935067], "initialization": [[856.9082973121413, 1725.7136805571097, 654.0778973308613, 2795.2752457587435, 514.4643269493515], [301.6078452328561, 2005.8897510275851, 163.4109936621053, 250.83354959687, 1117.5549961352494], [2807.325130332434, 1146.6744475818368, 237.4148452978305, 1328.0651103091816, 1712.5071543521333]], "pdb_id": ["3gl1", "6t3e", "2byu", "3hhb", "2z04"], "box_size": 3000, "initmap_rotate_angle": [[3.077197550266158, 0.4200794878648645, -0.7756158221414147], [-2.315108340494219, 0.6208991291921967, -1.5726106761132486], [-2.1762100852433703, 0.7138561047765984, -1.5867915178670293], [-2.3049768291159416, 1.4134776880178, -2.165336817861373], [3.065410992138802, 0.44110216044580397, -0.4903316666541669]], "packmap_rotate_angle": [[-2.1738199034074257, 0.9154844746497162, -1.4744342823124659], [-2.861370213376705, 0.5798231095985948, -0.9628380925517948], [2.953397130514851, 0.6227403015175664, -0.6059616515899807], [-2.4120522538816522, 0.9049524868466073, -1.6862531235575302], [-2.41080105338958, 0.9352239276456109, -1.8892234059140365]]}}