{"general_info": {"target": "3gl1", "random_protein_number": 4, "iteration": 5001, "step": 1, "box_size": 3000}, "boundary_shpere": {"2i3v": {"pdb_id": "2i3v", "atom_number": 8367, "center": [[24.8585, 53.5255, 53.5255], 4], "radius": [72.1328, 4]}, "4wjk": {"pdb_id": "4wjk", "atom_number": 14326, "center": [[-17.958, -6.212, -6.212], 4], "radius": [98.9989, 4]}, "2h12": {"pdb_id": "2h12", "atom_number": 23521, "center": [[38.3515, -23.6085, -23.6085], 4], "radius": [80.9821, 4]}, "2z04": {"pdb_id": "2z04", "atom_number": 5205, "center": [[0.912, -2.371, -2.371], 4], "radius": [56.8776, 4]}, "1yg6": {"pdb_id": "1yg6", "atom_number": 21540, "center": [[47.4345, 51.1225, 51.1225], 4], "radius": [70.8212, 4]}, "1f1b": {"pdb_id": "1f1b", "atom_number": 8274, "center": [[49.2915, 49.977, 49.977], 4], "radius": [72.0684, 4]}, "1bxn": {"pdb_id": "1bxn", "atom_number": 18144, "center": [[5.9055, 107.7655, 107.7655], 4], "radius": [72.9518, 4]}, "2byu": {"pdb_id": "2byu", "atom_number": 9648, "center": [[0.0, 0.0, 0.0], 4], "radius": [55.1545, 4]}, "6t3e": {"pdb_id": "6t3e", "atom_number": 5086, "center": [[19.976, -0.128, -0.128], 4], "radius": [50.5839, 4]}, "3gl1": {"pdb_id": "3gl1", "atom_number": 6540, "center": [[22.17, 26.362, 26.362], 4], "radius": [82.7969, 4]}, "2ldb": {"pdb_id": "2ldb", "atom_number": 9650, "center": [[0.0, 0.0, 0.0], 4], "radius": [50.5858, 4]}, "3hhb": {"pdb_id": "3hhb", "atom_number": 4612, "center": [[0.0, -0.4985, -0.4985], 4], "radius": [35.35, 4]}, "2qes": {"pdb_id": "2qes", "atom_number": 2650, "center": [[13.879, 22.588, 22.588], 4], "radius": [38.1227, 4]}, "4d4r": {"pdb_id": "4d4r", "atom_number": 4537, "center": [[-16.0235, 23.4895, 23.4895], 4], "radius": [59.9767, 4]}}, "optimal_result": {"sum": 300.2548457898226, "grad": 83.75672101530199, "x": [1334.09774699467, 1526.6957174059455, 1520.8629686283703, 1378.25062488161, 1460.9159447314744], "y": [1326.6212946271642, 1490.2826381189586, 1466.018007933719, 1434.486257455312, 1360.534063513725], "z": [1806.1770920755603, 1573.8725268320777, 1723.8808791020922, 1723.309469485397, 1728.2621783988666], "initialization": [[209.94927093042048, 2332.230144381409, 2777.1057154003884, 203.54308507109343, 2254.6796711091265], [373.0221804046182, 2093.697357859803, 2059.0006286558787, 2451.193231253725, 237.84224462084924], [2786.528027591702, 398.39738054354467, 1816.8087522771668, 1531.1687353037717, 1912.0047644977074]], "pdb_id": ["3gl1", "2h12", "1yg6", "4d4r", "2ldb"], "box_size": 3000, "initmap_rotate_angle": [[-2.5756611726432928, 1.115697080162628, -1.5835919613703227], [-2.3736241334345154, 0.8185207323637361, -1.6835868468439696], [-1.8825093597348868, 2.119785924186829, -2.5829654106171125], [-2.3838517754887594, 0.6572464680368098, -1.541197469761032], [2.192937429782158, 2.6885998467517767, 1.099937290797091]], "packmap_rotate_angle": [[-3.1349499405329766, 0.8359754690306153, -0.8142280659961559], [-3.011201813396732, 0.6022561006775996, -0.6614715442123961], [-2.315878513547815, 0.7913641424198287, -2.2128994429727573], [2.4549246846043746, 0.8590737513971995, 0.1507227642308121], [2.502911618421575, 1.125150224764895, 0.44897548706025436]]}}