{"general_info": {"target": "3gl1", "random_protein_number": 4, "iteration": 5001, "step": 1, "box_size": 3000}, "boundary_shpere": {"2i3v": {"pdb_id": "2i3v", "atom_number": 8367, "center": [[24.8585, 53.5255, 53.5255], 4], "radius": [72.1328, 4]}, "4wjk": {"pdb_id": "4wjk", "atom_number": 14326, "center": [[-17.958, -6.212, -6.212], 4], "radius": [98.9989, 4]}, "2h12": {"pdb_id": "2h12", "atom_number": 23521, "center": [[38.3515, -23.6085, -23.6085], 4], "radius": [80.9821, 4]}, "2z04": {"pdb_id": "2z04", "atom_number": 5205, "center": [[0.912, -2.371, -2.371], 4], "radius": [56.8776, 4]}, "1yg6": {"pdb_id": "1yg6", "atom_number": 21540, "center": [[47.4345, 51.1225, 51.1225], 4], "radius": [70.8212, 4]}, "1f1b": {"pdb_id": "1f1b", "atom_number": 8274, "center": [[49.2915, 49.977, 49.977], 4], "radius": [72.0684, 4]}, "1bxn": {"pdb_id": "1bxn", "atom_number": 18144, "center": [[5.9055, 107.7655, 107.7655], 4], "radius": [72.9518, 4]}, "2byu": {"pdb_id": "2byu", "atom_number": 9648, "center": [[0.0, 0.0, 0.0], 4], "radius": [55.1545, 4]}, "6t3e": {"pdb_id": "6t3e", "atom_number": 5086, "center": [[19.976, -0.128, -0.128], 4], "radius": [50.5839, 4]}, "3gl1": {"pdb_id": "3gl1", "atom_number": 6540, "center": [[22.17, 26.362, 26.362], 4], "radius": [82.7969, 4]}, "2ldb": {"pdb_id": "2ldb", "atom_number": 9650, "center": [[0.0, 0.0, 0.0], 4], "radius": [50.5858, 4]}, "3hhb": {"pdb_id": "3hhb", "atom_number": 4612, "center": [[0.0, -0.4985, -0.4985], 4], "radius": [35.35, 4]}, "2qes": {"pdb_id": "2qes", "atom_number": 2650, "center": [[13.879, 22.588, 22.588], 4], "radius": [38.1227, 4]}, "4d4r": {"pdb_id": "4d4r", "atom_number": 4537, "center": [[-16.0235, 23.4895, 23.4895], 4], "radius": [59.9767, 4]}}, "optimal_result": {"sum": 420.6602914737294, "grad": -335.138877178093, "x": [1641.8466447241908, 1766.7837779101635, 1607.7894571214372, 1383.442032688013, 1516.180758816428], "y": [790.943413088269, 852.5407176716016, 722.4304299922569, 810.568695226703, 737.3562808315153], "z": [1867.5747277260225, 1797.8618540345299, 1961.3038017349625, 1877.361134711077, 1847.431654034929], "initialization": [[1842.7270980683552, 2949.867002522916, 1478.0081775630244, 381.6243353357118, 972.2473058218023], [726.2022970264663, 1339.4504139817222, 62.57112073766591, 964.7594545552763, 506.7378070304575], [1751.9673590755751, 1287.0577983529618, 2900.545711300984, 1855.8059950680768, 1492.0988764741599]], "pdb_id": ["3gl1", "2i3v", "2qes", "4wjk", "2byu"], "box_size": 3000, "initmap_rotate_angle": [[-3.0932219733425748, 0.9395039590190459, -0.6823391570729741], [-3.0646202466621446, 0.7178458136514627, -1.0242345386941465], [2.1965429317472003, 2.2862665665596102, 1.0566003117238316], [2.36150296292631, 1.2813920528707743, 0.22331251812839567], [2.1373362179525732, 0.8578822084029183, 0.17015385298009952]], "packmap_rotate_angle": [[-2.6053443470372093, 0.49670930573382477, -1.283830988044339], [-2.011039389460332, 1.5439648457271962, -2.553544111964122], [2.9613561574334692, 2.4525718698193533, 2.16589360906887], [-2.3792955346631524, 2.2045282485249653, -2.6132511765718847], [-2.8925592513090987, 0.5494576982392618, -0.6790503639375853]]}}