{"general_info": {"target": "3hhb", "random_protein_number": 4, "iteration": 5001, "step": 1, "box_size": 3000}, "boundary_shpere": {"2i3v": {"pdb_id": "2i3v", "atom_number": 8367, "center": [[24.8585, 53.5255, 53.5255], 4], "radius": [72.1328, 4]}, "4wjk": {"pdb_id": "4wjk", "atom_number": 14326, "center": [[-17.958, -6.212, -6.212], 4], "radius": [98.9989, 4]}, "2h12": {"pdb_id": "2h12", "atom_number": 23521, "center": [[38.3515, -23.6085, -23.6085], 4], "radius": [80.9821, 4]}, "2z04": {"pdb_id": "2z04", "atom_number": 5205, "center": [[0.912, -2.371, -2.371], 4], "radius": [56.8776, 4]}, "1yg6": {"pdb_id": "1yg6", "atom_number": 21540, "center": [[47.4345, 51.1225, 51.1225], 4], "radius": [70.8212, 4]}, "1f1b": {"pdb_id": "1f1b", "atom_number": 8274, "center": [[49.2915, 49.977, 49.977], 4], "radius": [72.0684, 4]}, "1bxn": {"pdb_id": "1bxn", "atom_number": 18144, "center": [[5.9055, 107.7655, 107.7655], 4], "radius": [72.9518, 4]}, "2byu": {"pdb_id": "2byu", "atom_number": 9648, "center": [[0.0, 0.0, 0.0], 4], "radius": [55.1545, 4]}, "6t3e": {"pdb_id": "6t3e", "atom_number": 5086, "center": [[19.976, -0.128, -0.128], 4], "radius": [50.5839, 4]}, "3gl1": {"pdb_id": "3gl1", "atom_number": 6540, "center": [[22.17, 26.362, 26.362], 4], "radius": [82.7969, 4]}, "2ldb": {"pdb_id": "2ldb", "atom_number": 9650, "center": [[0.0, 0.0, 0.0], 4], "radius": [50.5858, 4]}, "3hhb": {"pdb_id": "3hhb", "atom_number": 4612, "center": [[0.0, -0.4985, -0.4985], 4], "radius": [35.35, 4]}, "2qes": {"pdb_id": "2qes", "atom_number": 2650, "center": [[13.879, 22.588, 22.588], 4], "radius": [38.1227, 4]}, "4d4r": {"pdb_id": "4d4r", "atom_number": 4537, "center": [[-16.0235, 23.4895, 23.4895], 4], "radius": [59.9767, 4]}}, "optimal_result": {"sum": 390.0836121608457, "grad": -31.158809530667895, "x": [1239.016704734008, 1380.8810798756328, 1254.4067861264798, 1197.8601459551783, 1260.2514767901578], "y": [1746.1244636752301, 1851.5358952818465, 1719.8260307698188, 1609.3841051221968, 1822.0660308281795], "z": [2210.958678028908, 2384.6881753356724, 2277.885102153287, 2337.9165341223115, 2338.734289868761], "initialization": [[1094.6555609678119, 2136.135421023356, 1721.192710680719, 555.4859627505359, 1188.128228590045], [2154.045042053677, 2637.215651248549, 1405.6998935676677, 315.4635044179325, 2385.0628240460474], [989.9135397486355, 2923.02606225285, 2199.4740064897314, 2670.785379653402, 2732.533431687279]], "pdb_id": ["3hhb", "6t3e", "2qes", "4wjk", "2h12"], "box_size": 3000, "initmap_rotate_angle": [[-2.196351861440826, 1.7621630194330278, -2.252539992112215], [-2.420257529210951, 0.7887770166286442, -1.4953905477914258], [-2.567746262140136, 2.6090607900281886, 2.8134670978551584], [-2.171329342690211, 1.3412408444803467, -2.6683661747678205], [-2.7246497439091497, 0.6861083131807036, -1.3501875992939398]], "packmap_rotate_angle": [[2.8104197167731, 2.36522837616031, 2.296107515990766], [2.181471390994672, 1.1202145585384717, 0.6727652070710796], [-2.1152344378488155, 0.9726451237354997, -2.068308258178701], [-2.8762961921506918, 0.705943473999493, -0.9348070750993419], [2.318654873736135, 1.8591602568012686, 0.6020161171365962]]}}