{"general_info": {"target": "3hhb", "random_protein_number": 4, "iteration": 5001, "step": 1, "box_size": 3000}, "boundary_shpere": {"2i3v": {"pdb_id": "2i3v", "atom_number": 8367, "center": [[24.8585, 53.5255, 53.5255], 4], "radius": [72.1328, 4]}, "4wjk": {"pdb_id": "4wjk", "atom_number": 14326, "center": [[-17.958, -6.212, -6.212], 4], "radius": [98.9989, 4]}, "2h12": {"pdb_id": "2h12", "atom_number": 23521, "center": [[38.3515, -23.6085, -23.6085], 4], "radius": [80.9821, 4]}, "2z04": {"pdb_id": "2z04", "atom_number": 5205, "center": [[0.912, -2.371, -2.371], 4], "radius": [56.8776, 4]}, "1yg6": {"pdb_id": "1yg6", "atom_number": 21540, "center": [[47.4345, 51.1225, 51.1225], 4], "radius": [70.8212, 4]}, "1f1b": {"pdb_id": "1f1b", "atom_number": 8274, "center": [[49.2915, 49.977, 49.977], 4], "radius": [72.0684, 4]}, "1bxn": {"pdb_id": "1bxn", "atom_number": 18144, "center": [[5.9055, 107.7655, 107.7655], 4], "radius": [72.9518, 4]}, "2byu": {"pdb_id": "2byu", "atom_number": 9648, "center": [[0.0, 0.0, 0.0], 4], "radius": [55.1545, 4]}, "6t3e": {"pdb_id": "6t3e", "atom_number": 5086, "center": [[19.976, -0.128, -0.128], 4], "radius": [50.5839, 4]}, "3gl1": {"pdb_id": "3gl1", "atom_number": 6540, "center": [[22.17, 26.362, 26.362], 4], "radius": [82.7969, 4]}, "2ldb": {"pdb_id": "2ldb", "atom_number": 9650, "center": [[0.0, 0.0, 0.0], 4], "radius": [50.5858, 4]}, "3hhb": {"pdb_id": "3hhb", "atom_number": 4612, "center": [[0.0, -0.4985, -0.4985], 4], "radius": [35.35, 4]}, "2qes": {"pdb_id": "2qes", "atom_number": 2650, "center": [[13.879, 22.588, 22.588], 4], "radius": [38.1227, 4]}, "4d4r": {"pdb_id": "4d4r", "atom_number": 4537, "center": [[-16.0235, 23.4895, 23.4895], 4], "radius": [59.9767, 4]}}, "optimal_result": {"sum": 229.58127668836187, "grad": 41.193899830930604, "x": [1194.9201274209904, 1036.7473994577215, 1059.1061154070153, 1132.3003001378045, 1116.0669605636156], "y": [1017.4429669578001, 993.4105331216289, 1197.7791915103385, 1044.1005923947782, 1105.2108084853417], "z": [1408.2153850484826, 1417.941431778832, 1593.120328360501, 1428.0994808653259, 1499.5516408069348], "initialization": [[2303.7857225210155, 55.44414051230784, 579.6392537380475, 1853.611088759374, 1143.629764036559], [261.95810321288184, 294.9639153925261, 2408.9840738294433, 822.2895648713705, 178.01559013740342], [585.5076909739079, 1062.168543693125, 2791.115732009833, 627.5150018422047, 821.9199025065316]], "pdb_id": ["3hhb", "1bxn", "3gl1", "3hhb", "4d4r"], "box_size": 3000, "initmap_rotate_angle": [[2.313043000316125, 2.56745074770687, 1.5197859328559358], [-2.261272400081119, 1.562811499249656, -2.1526121521341524], [-2.29414984201809, 0.3786607025955766, -1.4260416966842966], [-2.412779035587428, 1.0419481004106088, -1.6746287300703089], [-1.9605799961671775, 2.4636127218066752, -2.82758610936372]], "packmap_rotate_angle": [[2.331560461961065, 1.6692972325928814, 1.0486302716889984], [-2.723329325607785, 0.6606379670141701, -1.2760453021791904], [2.2616143586269404, 1.426897393889474, 0.42435273789805816], [2.676526330139089, 0.8101234351219119, -0.19419826018019273], [3.1336868286092896, 0.5884980662247205, -1.081493487956918]]}}