{"general_info": {"target": "3hhb", "random_protein_number": 4, "iteration": 5001, "step": 1, "box_size": 3000}, "boundary_shpere": {"2i3v": {"pdb_id": "2i3v", "atom_number": 8367, "center": [[24.8585, 53.5255, 53.5255], 4], "radius": [72.1328, 4]}, "4wjk": {"pdb_id": "4wjk", "atom_number": 14326, "center": [[-17.958, -6.212, -6.212], 4], "radius": [98.9989, 4]}, "2h12": {"pdb_id": "2h12", "atom_number": 23521, "center": [[38.3515, -23.6085, -23.6085], 4], "radius": [80.9821, 4]}, "2z04": {"pdb_id": "2z04", "atom_number": 5205, "center": [[0.912, -2.371, -2.371], 4], "radius": [56.8776, 4]}, "1yg6": {"pdb_id": "1yg6", "atom_number": 21540, "center": [[47.4345, 51.1225, 51.1225], 4], "radius": [70.8212, 4]}, "1f1b": {"pdb_id": "1f1b", "atom_number": 8274, "center": [[49.2915, 49.977, 49.977], 4], "radius": [72.0684, 4]}, "1bxn": {"pdb_id": "1bxn", "atom_number": 18144, "center": [[5.9055, 107.7655, 107.7655], 4], "radius": [72.9518, 4]}, "2byu": {"pdb_id": "2byu", "atom_number": 9648, "center": [[0.0, 0.0, 0.0], 4], "radius": [55.1545, 4]}, "6t3e": {"pdb_id": "6t3e", "atom_number": 5086, "center": [[19.976, -0.128, -0.128], 4], "radius": [50.5839, 4]}, "3gl1": {"pdb_id": "3gl1", "atom_number": 6540, "center": [[22.17, 26.362, 26.362], 4], "radius": [82.7969, 4]}, "2ldb": {"pdb_id": "2ldb", "atom_number": 9650, "center": [[0.0, 0.0, 0.0], 4], "radius": [50.5858, 4]}, "3hhb": {"pdb_id": "3hhb", "atom_number": 4612, "center": [[0.0, -0.4985, -0.4985], 4], "radius": [35.35, 4]}, "2qes": {"pdb_id": "2qes", "atom_number": 2650, "center": [[13.879, 22.588, 22.588], 4], "radius": [38.1227, 4]}, "4d4r": {"pdb_id": "4d4r", "atom_number": 4537, "center": [[-16.0235, 23.4895, 23.4895], 4], "radius": [59.9767, 4]}}, "optimal_result": {"sum": 258.09113571644986, "grad": 163.7252121416077, "x": [2073.29199340215, 1999.979794130312, 2082.345678632231, 2166.202989958303, 2121.386417066151], "y": [1925.0099490587452, 1895.4286554923783, 1881.1656228847103, 2058.9851080414783, 1983.0930015142571], "z": [1717.9843296748863, 1751.6777300966455, 1638.3062265135568, 1827.5596959407528, 1759.2490550691105], "initialization": [[1429.5342097691546, 830.6414763200636, 2076.5063928940453, 2831.5991004498774, 2919.0538917535628], [1452.395611274022, 1304.024361199237, 1105.9517675885043, 2952.190487869916, 2810.22662906424], [1688.4078798733324, 2093.489529760341, 407.7049625224787, 2502.1576339556086, 2221.413877460232]], "pdb_id": ["3hhb", "2ldb", "2byu", "4d4r", "6t3e"], "box_size": 3000, "initmap_rotate_angle": [[-2.1174674647515404, 1.6056072006151918, -2.5973252727791114], [-2.1431705969225043, 1.4700064827088428, -2.244560828307857], [2.6334757049945465, 0.6427447309620412, 0.06212445323977581], [1.9866263011861778, 1.3599469053377637, 0.6065392637114572], [-1.987603690107355, 1.7406686897634578, -2.5082657321588453]], "packmap_rotate_angle": [[-3.043932438921111, 0.6277731540090774, -1.131845035903342], [-2.0862859974139765, 1.804994008590205, -2.454542159020473], [3.0115873565725075, 0.8507927357245, -0.5222416495964661], [2.691700676340924, 1.4994602959629357, 0.6855099133842639], [2.9776911157705444, 0.7867863822620904, -0.4470932596131026]]}}