{"general_info": {"target": "3hhb", "random_protein_number": 4, "iteration": 5001, "step": 1, "box_size": 3000}, "boundary_shpere": {"2i3v": {"pdb_id": "2i3v", "atom_number": 8367, "center": [[24.8585, 53.5255, 53.5255], 4], "radius": [72.1328, 4]}, "4wjk": {"pdb_id": "4wjk", "atom_number": 14326, "center": [[-17.958, -6.212, -6.212], 4], "radius": [98.9989, 4]}, "2h12": {"pdb_id": "2h12", "atom_number": 23521, "center": [[38.3515, -23.6085, -23.6085], 4], "radius": [80.9821, 4]}, "2z04": {"pdb_id": "2z04", "atom_number": 5205, "center": [[0.912, -2.371, -2.371], 4], "radius": [56.8776, 4]}, "1yg6": {"pdb_id": "1yg6", "atom_number": 21540, "center": [[47.4345, 51.1225, 51.1225], 4], "radius": [70.8212, 4]}, "1f1b": {"pdb_id": "1f1b", "atom_number": 8274, "center": [[49.2915, 49.977, 49.977], 4], "radius": [72.0684, 4]}, "1bxn": {"pdb_id": "1bxn", "atom_number": 18144, "center": [[5.9055, 107.7655, 107.7655], 4], "radius": [72.9518, 4]}, "2byu": {"pdb_id": "2byu", "atom_number": 9648, "center": [[0.0, 0.0, 0.0], 4], "radius": [55.1545, 4]}, "6t3e": {"pdb_id": "6t3e", "atom_number": 5086, "center": [[19.976, -0.128, -0.128], 4], "radius": [50.5839, 4]}, "3gl1": {"pdb_id": "3gl1", "atom_number": 6540, "center": [[22.17, 26.362, 26.362], 4], "radius": [82.7969, 4]}, "2ldb": {"pdb_id": "2ldb", "atom_number": 9650, "center": [[0.0, 0.0, 0.0], 4], "radius": [50.5858, 4]}, "3hhb": {"pdb_id": "3hhb", "atom_number": 4612, "center": [[0.0, -0.4985, -0.4985], 4], "radius": [35.35, 4]}, "2qes": {"pdb_id": "2qes", "atom_number": 2650, "center": [[13.879, 22.588, 22.588], 4], "radius": [38.1227, 4]}, "4d4r": {"pdb_id": "4d4r", "atom_number": 4537, "center": [[-16.0235, 23.4895, 23.4895], 4], "radius": [59.9767, 4]}}, "optimal_result": {"sum": 180.26685137638924, "grad": -126.06664995171468, "x": [787.2755109732018, 715.0022028304243, 857.3944237870821, 687.804603900574, 730.3525228848919], "y": [1230.512665655769, 1431.576899048823, 1347.9298836962212, 1177.821196960717, 1302.8705256235198], "z": [2194.2636393426624, 2138.2356010099024, 2065.4699692194968, 2028.7538660008586, 2138.347410430263], "initialization": [[1241.9693259692942, 238.62930963949412, 1579.0960622338548, 258.7732945155873, 1010.312269042904], [148.02127850279712, 2975.748271242982, 1792.8505405915932, 190.77163246483775, 864.5686816348205], [2929.897753659237, 2401.7720232933284, 1669.1001784128882, 1323.4251773582291, 1870.2422379071245]], "pdb_id": ["3hhb", "2z04", "2h12", "4wjk", "2i3v"], "box_size": 3000, "initmap_rotate_angle": [[-2.533830601229434, 0.538651806056775, -1.2356665077397258], [2.900141027077904, 0.4191167784844206, -0.3129877738142993], [-2.324599856319436, 1.5656831812598142, -2.166492726469446], [2.1740978621274674, 1.216657633459395, 0.6869021391801683], [-2.2209077065266083, 0.7905215849303726, -2.1745981464006685]], "packmap_rotate_angle": [[3.1368713597167597, 2.3986893740854907, 2.3676800599327397], [2.4753582489535897, 1.4063050196494025, 0.6091128614863838], [-2.1720595508638376, 1.5786773705423893, -2.2717444961692927], [2.168332198281309, 1.5120958923285246, 0.8808207522144986], [2.587915660126463, 0.6221632669134056, 0.04515721291600965]]}}