{"general_info": {"target": "3hhb", "random_protein_number": 4, "iteration": 5001, "step": 1, "box_size": 3000}, "boundary_shpere": {"2i3v": {"pdb_id": "2i3v", "atom_number": 8367, "center": [[24.8585, 53.5255, 53.5255], 4], "radius": [72.1328, 4]}, "4wjk": {"pdb_id": "4wjk", "atom_number": 14326, "center": [[-17.958, -6.212, -6.212], 4], "radius": [98.9989, 4]}, "2h12": {"pdb_id": "2h12", "atom_number": 23521, "center": [[38.3515, -23.6085, -23.6085], 4], "radius": [80.9821, 4]}, "2z04": {"pdb_id": "2z04", "atom_number": 5205, "center": [[0.912, -2.371, -2.371], 4], "radius": [56.8776, 4]}, "1yg6": {"pdb_id": "1yg6", "atom_number": 21540, "center": [[47.4345, 51.1225, 51.1225], 4], "radius": [70.8212, 4]}, "1f1b": {"pdb_id": "1f1b", "atom_number": 8274, "center": [[49.2915, 49.977, 49.977], 4], "radius": [72.0684, 4]}, "1bxn": {"pdb_id": "1bxn", "atom_number": 18144, "center": [[5.9055, 107.7655, 107.7655], 4], "radius": [72.9518, 4]}, "2byu": {"pdb_id": "2byu", "atom_number": 9648, "center": [[0.0, 0.0, 0.0], 4], "radius": [55.1545, 4]}, "6t3e": {"pdb_id": "6t3e", "atom_number": 5086, "center": [[19.976, -0.128, -0.128], 4], "radius": [50.5839, 4]}, "3gl1": {"pdb_id": "3gl1", "atom_number": 6540, "center": [[22.17, 26.362, 26.362], 4], "radius": [82.7969, 4]}, "2ldb": {"pdb_id": "2ldb", "atom_number": 9650, "center": [[0.0, 0.0, 0.0], 4], "radius": [50.5858, 4]}, "3hhb": {"pdb_id": "3hhb", "atom_number": 4612, "center": [[0.0, -0.4985, -0.4985], 4], "radius": [35.35, 4]}, "2qes": {"pdb_id": "2qes", "atom_number": 2650, "center": [[13.879, 22.588, 22.588], 4], "radius": [38.1227, 4]}, "4d4r": {"pdb_id": "4d4r", "atom_number": 4537, "center": [[-16.0235, 23.4895, 23.4895], 4], "radius": [59.9767, 4]}}, "optimal_result": {"sum": 159.61020641417565, "grad": -24.79783858595283, "x": [652.420023680762, 641.2801593868603, 722.6589211026576, 610.8455285058565, 650.6016985225459], "y": [1866.395114624072, 1844.9293151472116, 1887.6342223983286, 1701.0136567004886, 1786.3258347692945], "z": [1228.1125059334447, 1097.8935738160517, 1080.4421911046193, 1268.3564770928438, 1176.3578628983078], "initialization": [[620.5903519457664, 478.04186304289755, 1432.4476454495968, 125.33358992594523, 787.5594901881506], [2371.12575716318, 2340.0939063228147, 2715.2219195770967, 409.5792144124174, 2377.794526246382], [2143.6352445936213, 12.416391386203651, 70.64309109411482, 2341.072299890777, 578.0339235188703]], "pdb_id": ["3hhb", "2qes", "2byu", "1yg6", "4d4r"], "box_size": 3000, "initmap_rotate_angle": [[2.21066417007129, 1.5764395562513493, 0.877671559435841], [2.6318713167655727, 0.8567347495633784, 0.08644223119917234], [2.2328040901352226, 1.1973770097856722, 0.22711541427233004], [2.094168341895038, 1.0143765118479442, 0.8251572135826366], [3.044456490363051, 0.48650739525486314, -0.45139562817178364]], "packmap_rotate_angle": [[2.1409011097254957, 1.5849363459714108, 1.2643246222581428], [2.5125055152184483, 0.6882922195021871, -0.1507425280308168], [2.3248032172858952, 1.838402214684455, 0.7632908953951321], [-2.304977607148656, 1.212966626395394, -2.2662023728277614], [-2.7448970427499346, 0.7366353440474332, -1.357523881799823]]}}