{"general_info": {"target": "4d4r", "random_protein_number": 4, "iteration": 5001, "step": 1, "box_size": 3000}, "boundary_shpere": {"2i3v": {"pdb_id": "2i3v", "atom_number": 8367, "center": [[24.8585, 53.5255, 53.5255], 4], "radius": [72.1328, 4]}, "4wjk": {"pdb_id": "4wjk", "atom_number": 14326, "center": [[-17.958, -6.212, -6.212], 4], "radius": [98.9989, 4]}, "2h12": {"pdb_id": "2h12", "atom_number": 23521, "center": [[38.3515, -23.6085, -23.6085], 4], "radius": [80.9821, 4]}, "2z04": {"pdb_id": "2z04", "atom_number": 5205, "center": [[0.912, -2.371, -2.371], 4], "radius": [56.8776, 4]}, "1yg6": {"pdb_id": "1yg6", "atom_number": 21540, "center": [[47.4345, 51.1225, 51.1225], 4], "radius": [70.8212, 4]}, "1f1b": {"pdb_id": "1f1b", "atom_number": 8274, "center": [[49.2915, 49.977, 49.977], 4], "radius": [72.0684, 4]}, "1bxn": {"pdb_id": "1bxn", "atom_number": 18144, "center": [[5.9055, 107.7655, 107.7655], 4], "radius": [72.9518, 4]}, "2byu": {"pdb_id": "2byu", "atom_number": 9648, "center": [[0.0, 0.0, 0.0], 4], "radius": [55.1545, 4]}, "6t3e": {"pdb_id": "6t3e", "atom_number": 5086, "center": [[19.976, -0.128, -0.128], 4], "radius": [50.5839, 4]}, "3gl1": {"pdb_id": "3gl1", "atom_number": 6540, "center": [[22.17, 26.362, 26.362], 4], "radius": [82.7969, 4]}, "2ldb": {"pdb_id": "2ldb", "atom_number": 9650, "center": [[0.0, 0.0, 0.0], 4], "radius": [50.5858, 4]}, "3hhb": {"pdb_id": "3hhb", "atom_number": 4612, "center": [[0.0, -0.4985, -0.4985], 4], "radius": [35.35, 4]}, "2qes": {"pdb_id": "2qes", "atom_number": 2650, "center": [[13.879, 22.588, 22.588], 4], "radius": [38.1227, 4]}, "4d4r": {"pdb_id": "4d4r", "atom_number": 4537, "center": [[-16.0235, 23.4895, 23.4895], 4], "radius": [59.9767, 4]}}, "optimal_result": {"sum": 466.1419343250995, "grad": 115.79730117570034, "x": [1702.8601137965682, 1768.4085018738285, 1842.54511073323, 1722.6966822333136, 1788.0769274531604], "y": [1653.4060750439155, 1609.7305551690874, 1641.8380601997433, 1494.926522528872, 1510.8965257883156], "z": [1543.087341633163, 1633.8272360346987, 1581.626646841709, 1851.1578445726084, 1721.7603779412532], "initialization": [[1153.6638280419927, 1467.4644646810052, 2623.6551856628657, 1471.1904006642606, 1924.2173262342972], [2144.4412612392907, 1775.2995210476386, 2198.6271232599042, 970.505378632623, 906.5868264950998], [657.674731682139, 1316.395041405961, 787.2584037773282, 2932.4703096272706, 2307.7392225804806]], "pdb_id": ["4d4r", "4d4r", "3hhb", "1f1b", "1bxn"], "box_size": 3000, "initmap_rotate_angle": [[2.9988286011606924, 0.8971771159244096, -0.3686467666506001], [-2.8555345245728034, 0.6892098587807622, -1.1711749884480553], [2.226512119520076, 1.0164274807872005, 0.3061878296564466], [2.450370338895572, 0.9907806324339773, 0.05969507305953948], [2.271938649331982, 1.374056925620845, 0.1362092923737941]], "packmap_rotate_angle": [[-2.2874974339561587, 1.5515816542583156, -2.4356018846049174], [2.2137344284448277, 1.0817411210422205, 0.2935543314829852], [-2.665095507012194, 0.5803038992400721, -1.2418524850636072], [-2.699165542422841, 0.7709815564232274, -1.1594995954014948], [2.3772280324881354, 0.8705466920080689, -0.2937436708728961]]}}