{"general_info": {"target": "4d4r", "random_protein_number": 4, "iteration": 5001, "step": 1, "box_size": 3000}, "boundary_shpere": {"2i3v": {"pdb_id": "2i3v", "atom_number": 8367, "center": [[24.8585, 53.5255, 53.5255], 4], "radius": [72.1328, 4]}, "4wjk": {"pdb_id": "4wjk", "atom_number": 14326, "center": [[-17.958, -6.212, -6.212], 4], "radius": [98.9989, 4]}, "2h12": {"pdb_id": "2h12", "atom_number": 23521, "center": [[38.3515, -23.6085, -23.6085], 4], "radius": [80.9821, 4]}, "2z04": {"pdb_id": "2z04", "atom_number": 5205, "center": [[0.912, -2.371, -2.371], 4], "radius": [56.8776, 4]}, "1yg6": {"pdb_id": "1yg6", "atom_number": 21540, "center": [[47.4345, 51.1225, 51.1225], 4], "radius": [70.8212, 4]}, "1f1b": {"pdb_id": "1f1b", "atom_number": 8274, "center": [[49.2915, 49.977, 49.977], 4], "radius": [72.0684, 4]}, "1bxn": {"pdb_id": "1bxn", "atom_number": 18144, "center": [[5.9055, 107.7655, 107.7655], 4], "radius": [72.9518, 4]}, "2byu": {"pdb_id": "2byu", "atom_number": 9648, "center": [[0.0, 0.0, 0.0], 4], "radius": [55.1545, 4]}, "6t3e": {"pdb_id": "6t3e", "atom_number": 5086, "center": [[19.976, -0.128, -0.128], 4], "radius": [50.5839, 4]}, "3gl1": {"pdb_id": "3gl1", "atom_number": 6540, "center": [[22.17, 26.362, 26.362], 4], "radius": [82.7969, 4]}, "2ldb": {"pdb_id": "2ldb", "atom_number": 9650, "center": [[0.0, 0.0, 0.0], 4], "radius": [50.5858, 4]}, "3hhb": {"pdb_id": "3hhb", "atom_number": 4612, "center": [[0.0, -0.4985, -0.4985], 4], "radius": [35.35, 4]}, "2qes": {"pdb_id": "2qes", "atom_number": 2650, "center": [[13.879, 22.588, 22.588], 4], "radius": [38.1227, 4]}, "4d4r": {"pdb_id": "4d4r", "atom_number": 4537, "center": [[-16.0235, 23.4895, 23.4895], 4], "radius": [59.9767, 4]}}, "optimal_result": {"sum": 687.172191012938, "grad": -1.6490080280000257, "x": [2170.8451045420798, 2181.2264992580963, 2197.1370570386134, 2048.614699158659, 2149.043587992362], "y": [1402.789015986599, 1447.919862165705, 1585.8364017605702, 1516.4004266087154, 1395.049263893729], "z": [1325.13739634909, 1214.3332325211675, 1320.1284650168814, 1269.144258612748, 1137.8638577972424], "initialization": [[2281.9256915794044, 2475.3427819088856, 2649.7202175241055, 1189.563405012793, 2016.9477594319776], [305.20560068383276, 1288.1968792451592, 2831.8948558439556, 1992.6060884897497, 749.163615894479], [2112.3040981768017, 282.40202815182204, 1987.4527898463398, 1389.8091845045963, 33.028421166971576]], "pdb_id": ["4d4r", "4d4r", "1f1b", "4wjk", "2qes"], "box_size": 3000, "initmap_rotate_angle": [[2.971728603360255, 0.693011425937103, -0.6636793561584079], [2.3109499330413805, 1.266447301670644, -0.20675475341870228], [2.371837347985759, 1.380170927210307, 0.49465648203147716], [-1.8762574215646142, 0.5547646867344831, -1.7379178257354326], [2.2745257872177675, 1.5520598064722466, 0.4914089788082222]], "packmap_rotate_angle": [[2.1051194277265606, 1.7762500881257985, 0.9002024097450779], [2.2705616624216076, 0.6491158023767348, 0.05937893654199952], [2.0149388778266326, 1.5595563145105136, 0.9478995883634438], [3.0812078241292222, 0.7809133684545252, -0.7217528532764202], [2.6927690654088052, 0.899554518147631, 0.11969702500173623]]}}