{"general_info": {"target": "4d4r", "random_protein_number": 4, "iteration": 5001, "step": 1, "box_size": 3000}, "boundary_shpere": {"2i3v": {"pdb_id": "2i3v", "atom_number": 8367, "center": [[24.8585, 53.5255, 53.5255], 4], "radius": [72.1328, 4]}, "4wjk": {"pdb_id": "4wjk", "atom_number": 14326, "center": [[-17.958, -6.212, -6.212], 4], "radius": [98.9989, 4]}, "2h12": {"pdb_id": "2h12", "atom_number": 23521, "center": [[38.3515, -23.6085, -23.6085], 4], "radius": [80.9821, 4]}, "2z04": {"pdb_id": "2z04", "atom_number": 5205, "center": [[0.912, -2.371, -2.371], 4], "radius": [56.8776, 4]}, "1yg6": {"pdb_id": "1yg6", "atom_number": 21540, "center": [[47.4345, 51.1225, 51.1225], 4], "radius": [70.8212, 4]}, "1f1b": {"pdb_id": "1f1b", "atom_number": 8274, "center": [[49.2915, 49.977, 49.977], 4], "radius": [72.0684, 4]}, "1bxn": {"pdb_id": "1bxn", "atom_number": 18144, "center": [[5.9055, 107.7655, 107.7655], 4], "radius": [72.9518, 4]}, "2byu": {"pdb_id": "2byu", "atom_number": 9648, "center": [[0.0, 0.0, 0.0], 4], "radius": [55.1545, 4]}, "6t3e": {"pdb_id": "6t3e", "atom_number": 5086, "center": [[19.976, -0.128, -0.128], 4], "radius": [50.5839, 4]}, "3gl1": {"pdb_id": "3gl1", "atom_number": 6540, "center": [[22.17, 26.362, 26.362], 4], "radius": [82.7969, 4]}, "2ldb": {"pdb_id": "2ldb", "atom_number": 9650, "center": [[0.0, 0.0, 0.0], 4], "radius": [50.5858, 4]}, "3hhb": {"pdb_id": "3hhb", "atom_number": 4612, "center": [[0.0, -0.4985, -0.4985], 4], "radius": [35.35, 4]}, "2qes": {"pdb_id": "2qes", "atom_number": 2650, "center": [[13.879, 22.588, 22.588], 4], "radius": [38.1227, 4]}, "4d4r": {"pdb_id": "4d4r", "atom_number": 4537, "center": [[-16.0235, 23.4895, 23.4895], 4], "radius": [59.9767, 4]}}, "optimal_result": {"sum": 101.28764606589594, "grad": -34.563735008114236, "x": [1553.0810592920657, 1765.5193712250511, 1522.3872137813757, 1769.618582904918, 1644.0106230488238], "y": [2148.294524756935, 2218.2612288482264, 2168.8366120055125, 2126.607293932653, 2184.5924067476417], "z": [1019.7693591050913, 1148.7327882135069, 1155.824451890794, 1050.2093553494112, 1107.8470186209518], "initialization": [[428.5234638186701, 2999.716830388108, 402.01689622132176, 2578.117514920957, 2568.969084393722], [1907.7299699181317, 2801.074932534519, 2141.164193245771, 1832.643666642381, 1823.3052719316036], [286.9865134464261, 1775.1525890857201, 1589.6653568140373, 692.2523557333894, 899.9593030479372]], "pdb_id": ["4d4r", "3hhb", "2h12", "4wjk", "6t3e"], "box_size": 3000, "initmap_rotate_angle": [[-3.1228648960031897, 0.7271230497067561, -0.9226783194488178], [0.8745616728029789, 1.6711302486357615, -2.6197502361300544], [-2.2127383269107197, 1.6524109892184804, -2.062182850334433], [-2.70652405539725, 0.501863895371472, -1.2553079008831036], [-3.1293365161404205, 0.6293018702319054, -1.2863667003416983]], "packmap_rotate_angle": [[-1.743130138152688, 1.9293841949315451, -2.9713808294566633], [1.92964111024841, 1.2068970731340103, 0.6955571856856368], [2.1479004323771957, 1.5759486575355808, 0.9115295537985297], [-2.618101112684589, 0.7005823477687132, -1.3358117356671293], [-3.0693096905085158, 0.8932011135688521, -1.1525719135225652]]}}