{"general_info": {"target": "4d4r", "random_protein_number": 4, "iteration": 5001, "step": 1, "box_size": 3000}, "boundary_shpere": {"2i3v": {"pdb_id": "2i3v", "atom_number": 8367, "center": [[24.8585, 53.5255, 53.5255], 4], "radius": [72.1328, 4]}, "4wjk": {"pdb_id": "4wjk", "atom_number": 14326, "center": [[-17.958, -6.212, -6.212], 4], "radius": [98.9989, 4]}, "2h12": {"pdb_id": "2h12", "atom_number": 23521, "center": [[38.3515, -23.6085, -23.6085], 4], "radius": [80.9821, 4]}, "2z04": {"pdb_id": "2z04", "atom_number": 5205, "center": [[0.912, -2.371, -2.371], 4], "radius": [56.8776, 4]}, "1yg6": {"pdb_id": "1yg6", "atom_number": 21540, "center": [[47.4345, 51.1225, 51.1225], 4], "radius": [70.8212, 4]}, "1f1b": {"pdb_id": "1f1b", "atom_number": 8274, "center": [[49.2915, 49.977, 49.977], 4], "radius": [72.0684, 4]}, "1bxn": {"pdb_id": "1bxn", "atom_number": 18144, "center": [[5.9055, 107.7655, 107.7655], 4], "radius": [72.9518, 4]}, "2byu": {"pdb_id": "2byu", "atom_number": 9648, "center": [[0.0, 0.0, 0.0], 4], "radius": [55.1545, 4]}, "6t3e": {"pdb_id": "6t3e", "atom_number": 5086, "center": [[19.976, -0.128, -0.128], 4], "radius": [50.5839, 4]}, "3gl1": {"pdb_id": "3gl1", "atom_number": 6540, "center": [[22.17, 26.362, 26.362], 4], "radius": [82.7969, 4]}, "2ldb": {"pdb_id": "2ldb", "atom_number": 9650, "center": [[0.0, 0.0, 0.0], 4], "radius": [50.5858, 4]}, "3hhb": {"pdb_id": "3hhb", "atom_number": 4612, "center": [[0.0, -0.4985, -0.4985], 4], "radius": [35.35, 4]}, "2qes": {"pdb_id": "2qes", "atom_number": 2650, "center": [[13.879, 22.588, 22.588], 4], "radius": [38.1227, 4]}, "4d4r": {"pdb_id": "4d4r", "atom_number": 4537, "center": [[-16.0235, 23.4895, 23.4895], 4], "radius": [59.9767, 4]}}, "optimal_result": {"sum": 191.7269998417994, "grad": 116.81635690934127, "x": [1147.010130148449, 1275.8199017276022, 1155.3184416610084, 1308.1542355680722, 1250.7797665036182], "y": [1286.4956166361396, 1455.0983537909824, 1508.35153452895, 1243.1313391001415, 1335.513014990787], "z": [2107.683704833662, 1999.9354191258915, 2034.2772096333265, 2037.9889784046686, 2040.6074434310676], "initialization": [[350.86088660381773, 1647.252733096462, 553.4073215432733, 2073.0442873461743, 1817.6791838398651], [665.417195894016, 2484.3007005513587, 2582.514556977651, 28.24859942713187, 1430.2703064381317], [2679.2797745749904, 1566.7030382079358, 1982.9194089772404, 1987.7048379972623, 1849.709213830772]], "pdb_id": ["4d4r", "2byu", "2h12", "3hhb", "1bxn"], "box_size": 3000, "initmap_rotate_angle": [[2.1181440373335834, 1.5329252266363922, 0.7146007721830229], [-2.739354619134217, 0.7041135135327456, -1.536399134049025], [-2.230464844290406, 1.2014134421880607, -1.7125036613933966], [2.357588186935732, 0.9649544138713504, 0.4129600047477795], [3.1026894125200104, 0.8404007886522886, -0.46421153961564515]], "packmap_rotate_angle": [[2.4675117548003342, 1.5826388157572624, 0.37260878347835313], [2.4837913158842158, 1.5852278977006105, 0.593129547604879], [-2.9401090044462412, 2.5760413218741114, 2.0919507740691707], [2.8046772107553117, 0.9299812161704212, -0.740135182799919], [-2.356451574837838, 0.8929635934160824, -2.0118958137762117]]}}