{"general_info": {"target": "4d4r", "random_protein_number": 4, "iteration": 5001, "step": 1, "box_size": 3000}, "boundary_shpere": {"2i3v": {"pdb_id": "2i3v", "atom_number": 8367, "center": [[24.8585, 53.5255, 53.5255], 4], "radius": [72.1328, 4]}, "4wjk": {"pdb_id": "4wjk", "atom_number": 14326, "center": [[-17.958, -6.212, -6.212], 4], "radius": [98.9989, 4]}, "2h12": {"pdb_id": "2h12", "atom_number": 23521, "center": [[38.3515, -23.6085, -23.6085], 4], "radius": [80.9821, 4]}, "2z04": {"pdb_id": "2z04", "atom_number": 5205, "center": [[0.912, -2.371, -2.371], 4], "radius": [56.8776, 4]}, "1yg6": {"pdb_id": "1yg6", "atom_number": 21540, "center": [[47.4345, 51.1225, 51.1225], 4], "radius": [70.8212, 4]}, "1f1b": {"pdb_id": "1f1b", "atom_number": 8274, "center": [[49.2915, 49.977, 49.977], 4], "radius": [72.0684, 4]}, "1bxn": {"pdb_id": "1bxn", "atom_number": 18144, "center": [[5.9055, 107.7655, 107.7655], 4], "radius": [72.9518, 4]}, "2byu": {"pdb_id": "2byu", "atom_number": 9648, "center": [[0.0, 0.0, 0.0], 4], "radius": [55.1545, 4]}, "6t3e": {"pdb_id": "6t3e", "atom_number": 5086, "center": [[19.976, -0.128, -0.128], 4], "radius": [50.5839, 4]}, "3gl1": {"pdb_id": "3gl1", "atom_number": 6540, "center": [[22.17, 26.362, 26.362], 4], "radius": [82.7969, 4]}, "2ldb": {"pdb_id": "2ldb", "atom_number": 9650, "center": [[0.0, 0.0, 0.0], 4], "radius": [50.5858, 4]}, "3hhb": {"pdb_id": "3hhb", "atom_number": 4612, "center": [[0.0, -0.4985, -0.4985], 4], "radius": [35.35, 4]}, "2qes": {"pdb_id": "2qes", "atom_number": 2650, "center": [[13.879, 22.588, 22.588], 4], "radius": [38.1227, 4]}, "4d4r": {"pdb_id": "4d4r", "atom_number": 4537, "center": [[-16.0235, 23.4895, 23.4895], 4], "radius": [59.9767, 4]}}, "optimal_result": {"sum": 196.84156307539857, "grad": 8.753783151174503, "x": [1063.1016648127354, 986.6831406010448, 906.8643460537772, 947.7248611865053, 978.2819489513092], "y": [1743.457029495485, 1756.7921517145057, 1714.613042172189, 1844.2255769802794, 1780.0727962545534], "z": [824.9564660835798, 1023.3619412269657, 1088.0433760393107, 837.1287284235725, 896.6526389523026], "initialization": [[1826.671668912842, 1010.6143682476912, 533.1674118268935, 635.9031501215438, 975.707064941888], [1493.656369447932, 1714.4782783590429, 1444.5871773079439, 2615.8021334864247, 1266.991876838818], [99.8756906360312, 1897.6876750046006, 2040.3691184506038, 32.60385986884196, 254.8855985602305]], "pdb_id": ["4d4r", "1f1b", "2qes", "3hhb", "2z04"], "box_size": 3000, "initmap_rotate_angle": [[-2.33143880563691, 1.8209503190631162, -3.0136018337202195], [-3.0954448663898524, 0.6949749175212386, -1.0688422173526062], [2.223915159885483, 1.0528893260843886, 0.4143038572829992], [2.827546650670032, 0.47172595513057797, -0.406038024821008], [2.562388340373943, 0.6125618946370389, 0.20967275510478842]], "packmap_rotate_angle": [[-2.0116027323822063, 1.4396294215156404, -2.2912438765272682], [1.9392083659933756, 1.4398188548783373, 0.7127243847899263], [2.390386397649805, 1.2555602725100008, 0.45962740574596367], [-2.580022436467832, 0.2341857972751929, -1.3320513569573884], [2.2301626699482697, 1.4299931111969542, 0.486616065313562]]}}