{"general_info": {"target": "6t3e", "random_protein_number": 4, "iteration": 5001, "step": 1, "box_size": 3000}, "boundary_shpere": {"2i3v": {"pdb_id": "2i3v", "atom_number": 8367, "center": [[24.8585, 53.5255, 53.5255], 4], "radius": [72.1328, 4]}, "4wjk": {"pdb_id": "4wjk", "atom_number": 14326, "center": [[-17.958, -6.212, -6.212], 4], "radius": [98.9989, 4]}, "2h12": {"pdb_id": "2h12", "atom_number": 23521, "center": [[38.3515, -23.6085, -23.6085], 4], "radius": [80.9821, 4]}, "2z04": {"pdb_id": "2z04", "atom_number": 5205, "center": [[0.912, -2.371, -2.371], 4], "radius": [56.8776, 4]}, "1yg6": {"pdb_id": "1yg6", "atom_number": 21540, "center": [[47.4345, 51.1225, 51.1225], 4], "radius": [70.8212, 4]}, "1f1b": {"pdb_id": "1f1b", "atom_number": 8274, "center": [[49.2915, 49.977, 49.977], 4], "radius": [72.0684, 4]}, "1bxn": {"pdb_id": "1bxn", "atom_number": 18144, "center": [[5.9055, 107.7655, 107.7655], 4], "radius": [72.9518, 4]}, "2byu": {"pdb_id": "2byu", "atom_number": 9648, "center": [[0.0, 0.0, 0.0], 4], "radius": [55.1545, 4]}, "6t3e": {"pdb_id": "6t3e", "atom_number": 5086, "center": [[19.976, -0.128, -0.128], 4], "radius": [50.5839, 4]}, "3gl1": {"pdb_id": "3gl1", "atom_number": 6540, "center": [[22.17, 26.362, 26.362], 4], "radius": [82.7969, 4]}, "2ldb": {"pdb_id": "2ldb", "atom_number": 9650, "center": [[0.0, 0.0, 0.0], 4], "radius": [50.5858, 4]}, "3hhb": {"pdb_id": "3hhb", "atom_number": 4612, "center": [[0.0, -0.4985, -0.4985], 4], "radius": [35.35, 4]}, "2qes": {"pdb_id": "2qes", "atom_number": 2650, "center": [[13.879, 22.588, 22.588], 4], "radius": [38.1227, 4]}, "4d4r": {"pdb_id": "4d4r", "atom_number": 4537, "center": [[-16.0235, 23.4895, 23.4895], 4], "radius": [59.9767, 4]}}, "optimal_result": {"sum": 193.4869396683214, "grad": -7.128915892084478, "x": [1953.6362166338224, 2087.3136048613987, 2020.1067723801737, 2115.869388856423, 2042.4492667099335], "y": [1539.558288182415, 1575.245928363302, 1599.1766428481396, 1402.2692695684689, 1480.7400805059833], "z": [1850.6542599585785, 1824.5357323748215, 1766.7715675705845, 1711.1870167481425, 1789.547722257972], "initialization": [[717.4613665916942, 2724.24541865355, 1763.1136000174872, 2974.2121155098307, 1811.8951050166306], [2092.61573991774, 2729.1598672915234, 2768.4805807825915, 86.78718229098759, 253.66436469572662], [2772.573799335584, 2407.2170012103797, 1386.0471713361144, 812.1190689391706, 1663.0444182979952]], "pdb_id": ["6t3e", "2qes", "2ldb", "4d4r", "1f1b"], "box_size": 3000, "initmap_rotate_angle": [[2.1960726790120337, 1.0941317909091632, 0.585866846113834], [2.2641505874161467, 1.2227016892949312, 0.764726760986966], [-2.5157204295513993, 0.9544975046159261, -1.8676175458758886], [-2.783522059087637, 1.0678737532235028, -1.686344407909723], [-2.3214691638281875, 1.5526051372956502, -2.6686046544263076]], "packmap_rotate_angle": [[2.2295981386529804, 1.7676605077831626, 0.9459284832287411], [-2.8406079095473937, 0.45625812241073105, -0.9962710670458337], [2.630079067539662, 0.8960218550603077, 0.19793201319689985], [2.0247719258880177, 1.6746421238856524, 0.7794935734188119], [2.441385545321975, 0.9297213576673259, -0.027042549525206443]]}}