{"general_info": {"target": "6t3e", "random_protein_number": 4, "iteration": 5001, "step": 1, "box_size": 3000}, "boundary_shpere": {"2i3v": {"pdb_id": "2i3v", "atom_number": 8367, "center": [[24.8585, 53.5255, 53.5255], 4], "radius": [72.1328, 4]}, "4wjk": {"pdb_id": "4wjk", "atom_number": 14326, "center": [[-17.958, -6.212, -6.212], 4], "radius": [98.9989, 4]}, "2h12": {"pdb_id": "2h12", "atom_number": 23521, "center": [[38.3515, -23.6085, -23.6085], 4], "radius": [80.9821, 4]}, "2z04": {"pdb_id": "2z04", "atom_number": 5205, "center": [[0.912, -2.371, -2.371], 4], "radius": [56.8776, 4]}, "1yg6": {"pdb_id": "1yg6", "atom_number": 21540, "center": [[47.4345, 51.1225, 51.1225], 4], "radius": [70.8212, 4]}, "1f1b": {"pdb_id": "1f1b", "atom_number": 8274, "center": [[49.2915, 49.977, 49.977], 4], "radius": [72.0684, 4]}, "1bxn": {"pdb_id": "1bxn", "atom_number": 18144, "center": [[5.9055, 107.7655, 107.7655], 4], "radius": [72.9518, 4]}, "2byu": {"pdb_id": "2byu", "atom_number": 9648, "center": [[0.0, 0.0, 0.0], 4], "radius": [55.1545, 4]}, "6t3e": {"pdb_id": "6t3e", "atom_number": 5086, "center": [[19.976, -0.128, -0.128], 4], "radius": [50.5839, 4]}, "3gl1": {"pdb_id": "3gl1", "atom_number": 6540, "center": [[22.17, 26.362, 26.362], 4], "radius": [82.7969, 4]}, "2ldb": {"pdb_id": "2ldb", "atom_number": 9650, "center": [[0.0, 0.0, 0.0], 4], "radius": [50.5858, 4]}, "3hhb": {"pdb_id": "3hhb", "atom_number": 4612, "center": [[0.0, -0.4985, -0.4985], 4], "radius": [35.35, 4]}, "2qes": {"pdb_id": "2qes", "atom_number": 2650, "center": [[13.879, 22.588, 22.588], 4], "radius": [38.1227, 4]}, "4d4r": {"pdb_id": "4d4r", "atom_number": 4537, "center": [[-16.0235, 23.4895, 23.4895], 4], "radius": [59.9767, 4]}}, "optimal_result": {"sum": 237.51142117945258, "grad": 42.346942323899384, "x": [1326.9521195158027, 1506.5483984830307, 1483.459616463709, 1409.9502734253279, 1442.3143375529423], "y": [2123.5994152003486, 1949.5626661557687, 2112.6468429853844, 2102.0781313018488, 2014.3035506087565], "z": [1816.6528902058749, 1981.9625485405434, 1948.842647277912, 1887.825508473059, 1918.2032172984243], "initialization": [[121.82652164988916, 2232.7079934931744, 2665.929133617944, 426.66523092645537, 1720.1902324381795], [2858.699384759243, 891.6440660497066, 2775.8428008433707, 2562.485567905233, 681.4059521332579], [698.5808784920157, 2573.147456409154, 2813.48434150353, 1894.1884248523695, 2009.0194230122459]], "pdb_id": ["6t3e", "1bxn", "3hhb", "4d4r", "2qes"], "box_size": 3000, "initmap_rotate_angle": [[-2.5851202922302923, 0.27840307268563713, -1.0028354830401607], [-2.112997077774673, 1.7447877545965416, -2.09775278166678], [2.274931817012378, 1.1727822326935216, 0.6738845352168227], [-2.678613512134616, 0.8108004212812487, -1.39388677016886], [2.374024850504164, 1.0718225970605404, 0.45576067478880344]], "packmap_rotate_angle": [[-3.084831894341871, 0.8664123441473423, -0.5669909075140768], [2.505167894272793, 1.2733112928740908, 0.3775281259551163], [2.3111665046469527, 2.378781743953835, 1.4405149880548636], [2.1085665663721445, 1.673401170062499, 0.6900379803688441], [-2.2059373066260326, 1.0856239874277873, -2.2298034975261563]]}}