{"general_info": {"target": "6t3e", "random_protein_number": 4, "iteration": 5001, "step": 1, "box_size": 3000}, "boundary_shpere": {"2i3v": {"pdb_id": "2i3v", "atom_number": 8367, "center": [[24.8585, 53.5255, 53.5255], 4], "radius": [72.1328, 4]}, "4wjk": {"pdb_id": "4wjk", "atom_number": 14326, "center": [[-17.958, -6.212, -6.212], 4], "radius": [98.9989, 4]}, "2h12": {"pdb_id": "2h12", "atom_number": 23521, "center": [[38.3515, -23.6085, -23.6085], 4], "radius": [80.9821, 4]}, "2z04": {"pdb_id": "2z04", "atom_number": 5205, "center": [[0.912, -2.371, -2.371], 4], "radius": [56.8776, 4]}, "1yg6": {"pdb_id": "1yg6", "atom_number": 21540, "center": [[47.4345, 51.1225, 51.1225], 4], "radius": [70.8212, 4]}, "1f1b": {"pdb_id": "1f1b", "atom_number": 8274, "center": [[49.2915, 49.977, 49.977], 4], "radius": [72.0684, 4]}, "1bxn": {"pdb_id": "1bxn", "atom_number": 18144, "center": [[5.9055, 107.7655, 107.7655], 4], "radius": [72.9518, 4]}, "2byu": {"pdb_id": "2byu", "atom_number": 9648, "center": [[0.0, 0.0, 0.0], 4], "radius": [55.1545, 4]}, "6t3e": {"pdb_id": "6t3e", "atom_number": 5086, "center": [[19.976, -0.128, -0.128], 4], "radius": [50.5839, 4]}, "3gl1": {"pdb_id": "3gl1", "atom_number": 6540, "center": [[22.17, 26.362, 26.362], 4], "radius": [82.7969, 4]}, "2ldb": {"pdb_id": "2ldb", "atom_number": 9650, "center": [[0.0, 0.0, 0.0], 4], "radius": [50.5858, 4]}, "3hhb": {"pdb_id": "3hhb", "atom_number": 4612, "center": [[0.0, -0.4985, -0.4985], 4], "radius": [35.35, 4]}, "2qes": {"pdb_id": "2qes", "atom_number": 2650, "center": [[13.879, 22.588, 22.588], 4], "radius": [38.1227, 4]}, "4d4r": {"pdb_id": "4d4r", "atom_number": 4537, "center": [[-16.0235, 23.4895, 23.4895], 4], "radius": [59.9767, 4]}}, "optimal_result": {"sum": 317.91694302536416, "grad": -191.76498517918844, "x": [1138.8281255576655, 968.2684622526093, 1259.5033959105572, 1007.3567233647171, 1045.54793047659], "y": [2346.6052869284067, 2293.0501707441153, 2404.636617146847, 2186.2734837144258, 2371.0324541790865], "z": [1878.8080956274928, 1739.158922410547, 1946.4093841541742, 1828.1684492393442, 1847.7377710372334], "initialization": [[45.722118294244105, 459.6297024102407, 2546.67715563216, 860.9853532422604, 13.165101320926965], [2600.9423513640136, 1909.5835470866032, 2940.0358748325543, 1150.8500091004237, 2851.899754002456], [1967.3520262413888, 892.1913381448165, 2624.353285131414, 1744.250029038557, 1486.402559636895]], "pdb_id": ["6t3e", "2i3v", "4wjk", "1f1b", "6t3e"], "box_size": 3000, "initmap_rotate_angle": [[-2.7085504747914415, 2.2754035441841722, 2.8390706652881543], [-2.1483800846145633, 1.1510606262123941, -2.014819596360533], [-3.099762202769228, 2.392146052241109, 2.357422531310989], [2.9175175226936116, 2.138238651371656, 2.1205619912795655], [-1.6446834779324557, 1.5956837136137039, -2.337117998457554]], "packmap_rotate_angle": [[-2.840470856575143, 1.01676313269406, -1.2954657044413083], [-2.143003308178164, 1.394779712808681, -2.434921982608843], [2.8023943735661327, 1.51355081056941, 0.6363618281111425], [-3.0717561697155737, 0.5132327521332711, -0.8801223413805569], [2.7934687969289094, 0.5199813401917982, -0.4167294100772307]]}}