{"general_info": {"target": "6t3e", "random_protein_number": 4, "iteration": 5001, "step": 1, "box_size": 3000}, "boundary_shpere": {"2i3v": {"pdb_id": "2i3v", "atom_number": 8367, "center": [[24.8585, 53.5255, 53.5255], 4], "radius": [72.1328, 4]}, "4wjk": {"pdb_id": "4wjk", "atom_number": 14326, "center": [[-17.958, -6.212, -6.212], 4], "radius": [98.9989, 4]}, "2h12": {"pdb_id": "2h12", "atom_number": 23521, "center": [[38.3515, -23.6085, -23.6085], 4], "radius": [80.9821, 4]}, "2z04": {"pdb_id": "2z04", "atom_number": 5205, "center": [[0.912, -2.371, -2.371], 4], "radius": [56.8776, 4]}, "1yg6": {"pdb_id": "1yg6", "atom_number": 21540, "center": [[47.4345, 51.1225, 51.1225], 4], "radius": [70.8212, 4]}, "1f1b": {"pdb_id": "1f1b", "atom_number": 8274, "center": [[49.2915, 49.977, 49.977], 4], "radius": [72.0684, 4]}, "1bxn": {"pdb_id": "1bxn", "atom_number": 18144, "center": [[5.9055, 107.7655, 107.7655], 4], "radius": [72.9518, 4]}, "2byu": {"pdb_id": "2byu", "atom_number": 9648, "center": [[0.0, 0.0, 0.0], 4], "radius": [55.1545, 4]}, "6t3e": {"pdb_id": "6t3e", "atom_number": 5086, "center": [[19.976, -0.128, -0.128], 4], "radius": [50.5839, 4]}, "3gl1": {"pdb_id": "3gl1", "atom_number": 6540, "center": [[22.17, 26.362, 26.362], 4], "radius": [82.7969, 4]}, "2ldb": {"pdb_id": "2ldb", "atom_number": 9650, "center": [[0.0, 0.0, 0.0], 4], "radius": [50.5858, 4]}, "3hhb": {"pdb_id": "3hhb", "atom_number": 4612, "center": [[0.0, -0.4985, -0.4985], 4], "radius": [35.35, 4]}, "2qes": {"pdb_id": "2qes", "atom_number": 2650, "center": [[13.879, 22.588, 22.588], 4], "radius": [38.1227, 4]}, "4d4r": {"pdb_id": "4d4r", "atom_number": 4537, "center": [[-16.0235, 23.4895, 23.4895], 4], "radius": [59.9767, 4]}}, "optimal_result": {"sum": 188.3380244879557, "grad": -9.144939967674873, "x": [1464.6986593553556, 1431.0315077608655, 1518.4220010205172, 1384.5629749331351, 1447.3925507755498], "y": [2005.178467105708, 1870.6687646154296, 1982.7175811391048, 2031.6926763299061, 1954.170353582579], "z": [1578.0037055836644, 1714.534208583896, 1753.076544658217, 1812.60480267416, 1671.272210071848], "initialization": [[1679.9366553394566, 1174.243770733303, 2529.1264754690287, 869.6355006241942, 706.2806971656883], [2549.099110430381, 444.04037050735315, 2476.3825359323596, 2827.5867739428463, 1038.7015036922462], [117.44754454267625, 2040.4135357581818, 2398.8624908406678, 2746.0571827852277, 1757.037132959971]], "pdb_id": ["6t3e", "2qes", "2byu", "4wjk", "2z04"], "box_size": 3000, "initmap_rotate_angle": [[0.5601474022309377, 2.3800718768377727, -3.13840562351347], [-2.16861551905597, 1.3881066583016637, -1.8156174728605396], [-2.547491467258517, 0.9189235733278093, -1.7558570211430589], [3.12716844866514, 0.42960966117551036, -0.9473643294395061], [-3.0793479889550315, 0.6455586165414281, -0.8965021651689619]], "packmap_rotate_angle": [[-2.4453591842476308, 1.319655747085304, -2.2092751974684273], [-3.045197082026705, 2.482330945537518, 2.4459136716078587], [2.0781175451385114, 1.842353345636856, 0.691614320398786], [2.5253619978884663, 0.6311703850136403, 0.0969220097251738], [3.046154583918645, 0.46590274779506785, -0.7024032464330685]]}}