{"general_info": {"target": "6t3e", "random_protein_number": 4, "iteration": 5001, "step": 1, "box_size": 3000}, "boundary_shpere": {"2i3v": {"pdb_id": "2i3v", "atom_number": 8367, "center": [[24.8585, 53.5255, 53.5255], 4], "radius": [72.1328, 4]}, "4wjk": {"pdb_id": "4wjk", "atom_number": 14326, "center": [[-17.958, -6.212, -6.212], 4], "radius": [98.9989, 4]}, "2h12": {"pdb_id": "2h12", "atom_number": 23521, "center": [[38.3515, -23.6085, -23.6085], 4], "radius": [80.9821, 4]}, "2z04": {"pdb_id": "2z04", "atom_number": 5205, "center": [[0.912, -2.371, -2.371], 4], "radius": [56.8776, 4]}, "1yg6": {"pdb_id": "1yg6", "atom_number": 21540, "center": [[47.4345, 51.1225, 51.1225], 4], "radius": [70.8212, 4]}, "1f1b": {"pdb_id": "1f1b", "atom_number": 8274, "center": [[49.2915, 49.977, 49.977], 4], "radius": [72.0684, 4]}, "1bxn": {"pdb_id": "1bxn", "atom_number": 18144, "center": [[5.9055, 107.7655, 107.7655], 4], "radius": [72.9518, 4]}, "2byu": {"pdb_id": "2byu", "atom_number": 9648, "center": [[0.0, 0.0, 0.0], 4], "radius": [55.1545, 4]}, "6t3e": {"pdb_id": "6t3e", "atom_number": 5086, "center": [[19.976, -0.128, -0.128], 4], "radius": [50.5839, 4]}, "3gl1": {"pdb_id": "3gl1", "atom_number": 6540, "center": [[22.17, 26.362, 26.362], 4], "radius": [82.7969, 4]}, "2ldb": {"pdb_id": "2ldb", "atom_number": 9650, "center": [[0.0, 0.0, 0.0], 4], "radius": [50.5858, 4]}, "3hhb": {"pdb_id": "3hhb", "atom_number": 4612, "center": [[0.0, -0.4985, -0.4985], 4], "radius": [35.35, 4]}, "2qes": {"pdb_id": "2qes", "atom_number": 2650, "center": [[13.879, 22.588, 22.588], 4], "radius": [38.1227, 4]}, "4d4r": {"pdb_id": "4d4r", "atom_number": 4537, "center": [[-16.0235, 23.4895, 23.4895], 4], "radius": [59.9767, 4]}}, "optimal_result": {"sum": 443.88636239350916, "grad": -241.26739435627678, "x": [1863.096462762895, 1893.019204692123, 1818.862005283301, 1824.7542811946892, 1789.6161398941824], "y": [1548.165496869196, 1653.7625972181593, 1385.0198675535578, 1456.3767715859185, 1586.2844552093404], "z": [1240.67570081103, 1295.6457188752122, 1148.9448234727906, 1221.2729779384695, 1172.014520989098], "initialization": [[1278.2484653475362, 2397.418935748443, 1648.6276816362179, 1730.5580972499602, 1468.898473065376], [1237.2948193353477, 2789.957480287076, 312.76258943803225, 685.2193640260714, 2144.860186824289], [901.6193316106093, 2009.4715921951806, 621.8319324466706, 1257.58372576758, 820.6089532078739]], "pdb_id": ["6t3e", "1f1b", "2ldb", "6t3e", "2z04"], "box_size": 3000, "initmap_rotate_angle": [[2.4857780201738384, 0.5186864805803211, -0.3471960519752813], [-2.412391864465836, 0.9287369101971024, -2.09904674573734], [1.8820409929961412, 1.7080556570925505, 0.7510333069460625], [-2.017506969916212, 1.6392019589760012, -2.1372999650604427], [-2.054271030092002, 1.0818179239149686, -2.118646184682364]], "packmap_rotate_angle": [[1.9688297075509922, 1.1000233818966818, 0.6440350747850042], [-2.3480759626727776, 2.2102019249375946, -2.8307122740353785], [2.8769181703608844, 0.6810512185820633, -0.6730361874602104], [2.3398789904059045, 0.768804219092752, 0.18099855701482068], [2.137397540199366, 1.243031125784065, 0.87966164401457]]}}