{"loc": [-4, -7, -7], "rotate": [2.27230710708529, 1.3359189443034276, 0.39587447401769194], "name": "1bxn", "SNR": 500000}