{"loc": [4, 0, -3], "rotate": [2.0610265179878207, 0.4279545329923186, 0.5370760413194718], "name": "1bxn", "SNR": 500000}