{"loc": [0, 4, 3], "rotate": [2.784203887079938, 1.0577759188685947, -0.3499388125594531], "name": "1bxn", "SNR": 500000}