{"loc": [-4, -2, -5], "rotate": [-2.947787149836494, 0.4147970483798716, -0.6587550417573895], "name": "1bxn", "SNR": 500000}