{"loc": [0, 0, 6], "rotate": [-1.78455112680761, 1.5910712154619775, -2.3345376219652954], "name": "1bxn", "SNR": 500000}