{"loc": [4, -6, 7], "rotate": [2.1820933864069514, 1.8150755931161797, 0.9549501322243128], "name": "1f1b", "SNR": 500000}