{"loc": [-1, 7, 5], "rotate": [2.1493194722392537, 1.8859269748878364, 0.9442456806669828], "name": "1f1b", "SNR": 500000}