{"loc": [6, -3, 3], "rotate": [2.228400522286144, 0.9414164007567934, 0.2458792962701663], "name": "1f1b", "SNR": 500000}