{"loc": [4, 0, -5], "rotate": [2.705125693877427, 0.6541626173536107, 0.13512675586841708], "name": "1f1b", "SNR": 500000}