{"loc": [-1, 5, -5], "rotate": [-2.712292593336775, 0.8728864232297046, -1.3070279357641221], "name": "1f1b", "SNR": 500000}