{"loc": [5, -7, -4], "rotate": [-2.3592296553739485, 0.5238738890100446, -2.016720703276467], "name": "1yg6", "SNR": 500000}