{"loc": [5, 6, -3], "rotate": [-2.2900374292888133, 0.2556780040735025, -1.4536692841830452], "name": "1yg6", "SNR": 500000}