{"loc": [-5, 4, -7], "rotate": [-2.057120562796128, 1.1110813421081114, -2.1411466686602387], "name": "1yg6", "SNR": 500000}