{"loc": [-2, -1, -1], "rotate": [2.256406892021074, 0.9892917851675301, 0.23745925500696802], "name": "1yg6", "SNR": 500000}