{"loc": [-3, -2, 2], "rotate": [2.9085494749409584, 0.8228550097217419, -1.0337018542833256], "name": "1yg6", "SNR": 500000}