{"loc": [0, 5, 2], "rotate": [-2.404856709622784, 0.8923879287231241, -1.8975034245520948], "name": "2byu", "SNR": 500000}