{"loc": [-7, -3, -7], "rotate": [-2.0488312954037013, 1.5266773677034877, -2.508189626980028], "name": "2byu", "SNR": 500000}