{"loc": [0, 0, 0], "rotate": [-2.754629516081605, 0.3517751973458767, -1.2218734067075852], "name": "2byu", "SNR": 500000}