{"loc": [6, -3, 1], "rotate": [2.513967133097069, 1.7526752997286041, 1.1981712265513078], "name": "2byu", "SNR": 500000}