{"loc": [-3, -7, 1], "rotate": [-2.7217096662324134, 0.7392727822808693, -1.4280755586403373], "name": "2byu", "SNR": 500000}