{"loc": [0, -6, -6], "rotate": [2.4203003802033187, 2.026071871806152, 1.2087260139059275], "name": "2h12", "SNR": 500000}