{"loc": [1, -2, 6], "rotate": [-2.3764325648689275, 0.7475433310547821, -1.4272544556801405], "name": "2h12", "SNR": 500000}