{"loc": [-7, -3, 0], "rotate": [2.613414771007854, 1.6492516148786576, 0.6665171912901304], "name": "2h12", "SNR": 500000}