{"loc": [2, -7, -5], "rotate": [2.1690646690043978, 1.8248537669721068, 0.7965521564593092], "name": "2h12", "SNR": 500000}