{"loc": [-4, -5, 0], "rotate": [2.232981995674877, 1.3324489116938893, 0.7354490217725899], "name": "2h12", "SNR": 500000}