{"loc": [1, -3, 0], "rotate": [-2.6137274833774016, 0.5468570108544294, -1.3637143193565273], "name": "2ldb", "SNR": 500000}