{"loc": [-6, -2, 0], "rotate": [2.0364938946853934, 0.6006379745410204, 0.19248151806518599], "name": "2ldb", "SNR": 500000}