{"loc": [2, -6, 2], "rotate": [2.687947384692921, 0.9840319890671629, -0.1628237095692179], "name": "2ldb", "SNR": 500000}