{"loc": [-1, 5, -7], "rotate": [-2.978173846845068, 0.7377896729826116, -1.2024653920035906], "name": "2ldb", "SNR": 500000}