{"loc": [3, 4, 7], "rotate": [2.1751496666039496, 1.8007516637539944, 0.8975560630247769], "name": "2ldb", "SNR": 500000}