{"loc": [0, 2, -4], "rotate": [-2.1738199034074257, 0.9154844746497162, -1.4744342823124659], "name": "3gl1", "SNR": 500000}