{"loc": [-3, -2, 3], "rotate": [-2.6053443470372093, 0.49670930573382477, -1.283830988044339], "name": "3gl1", "SNR": 500000}