{"loc": [2, 2, 6], "rotate": [-2.6860307960176297, 0.9931169428201967, -1.4149793998562619], "name": "3gl1", "SNR": 500000}