{"loc": [7, -2, 2], "rotate": [-3.1349499405329766, 0.8359754690306153, -0.8142280659961559], "name": "3gl1", "SNR": 500000}