{"loc": [3, -5, 4], "rotate": [-1.987194537674628, 1.7759716954876659, -2.3524354533551852], "name": "3gl1", "SNR": 500000}