{"loc": [5, -1, -5], "rotate": [2.331560461961065, 1.6692972325928814, 1.0486302716889984], "name": "3hhb", "SNR": 500000}