{"loc": [2, 4, 0], "rotate": [3.1368713597167597, 2.3986893740854907, 2.3676800599327397], "name": "3hhb", "SNR": 500000}