{"loc": [0, 7, -3], "rotate": [2.8104197167731, 2.36522837616031, 2.296107515990766], "name": "3hhb", "SNR": 500000}