{"loc": [-7, 0, -2], "rotate": [-3.043932438921111, 0.6277731540090774, -1.131845035903342], "name": "3hhb", "SNR": 500000}