{"loc": [-6, 7, 4], "rotate": [2.1409011097254957, 1.5849363459714108, 1.2643246222581428], "name": "3hhb", "SNR": 500000}