{"loc": [1, -6, -5], "rotate": [-2.0116027323822063, 1.4396294215156404, -2.2912438765272682], "name": "4d4r", "SNR": 500000}