{"loc": [-4, -7, -5], "rotate": [-1.743130138152688, 1.9293841949315451, -2.9713808294566633], "name": "4d4r", "SNR": 500000}