{"loc": [7, -2, 7], "rotate": [2.4675117548003342, 1.5826388157572624, 0.37260878347835313], "name": "4d4r", "SNR": 500000}