{"loc": [0, 5, -7], "rotate": [2.1051194277265606, 1.7762500881257985, 0.9002024097450779], "name": "4d4r", "SNR": 500000}