{"loc": [2, 2, -3], "rotate": [-2.2874974339561587, 1.5515816542583156, -2.4356018846049174], "name": "4d4r", "SNR": 500000}