{"loc": [7, -1, 3], "rotate": [2.2295981386529804, 1.7676605077831626, 0.9459284832287411], "name": "6t3e", "SNR": 500000}