{"loc": [0, -3, 1], "rotate": [-2.840470856575143, 1.01676313269406, -1.2954657044413083], "name": "6t3e", "SNR": 500000}