{"loc": [2, 5, -3], "rotate": [1.9688297075509922, 1.1000233818966818, 0.6440350747850042], "name": "6t3e", "SNR": 500000}