{"loc": [0, 6, -3], "rotate": [-3.084831894341871, 0.8664123441473423, -0.5669909075140768], "name": "6t3e", "SNR": 500000}