{"loc": [4, 1, 1], "rotate": [-2.4453591842476308, 1.319655747085304, -2.2092751974684273], "name": "6t3e", "SNR": 500000}